[2026-08-07 06:59:34] local.ERROR: Target class [App\Http\Controllers\Admin\AdminAuthController] does not exist. {"exception":"[object] (Illuminate\\Contracts\\Container\\BindingResolutionException(code: 0): Target class [App\\Http\\Controllers\\Admin\\AdminAuthController] does not exist. at /home/mohammed-ouais/project-Huma-volve-Laravel/grocery-training-project-round-2/vendor/laravel/framework/src/Illuminate/Container/Container.php:914)
[stacktrace]
#0 /home/mohammed-ouais/project-Huma-volve-Laravel/grocery-training-project-round-2/vendor/laravel/framework/src/Illuminate/Container/Container.php(795): Illuminate\\Container\\Container->build()
#1 /home/mohammed-ouais/project-Huma-volve-Laravel/grocery-training-project-round-2/vendor/laravel/framework/src/Illuminate/Foundation/Application.php(986): Illuminate\\Container\\Container->resolve()
#2 /home/mohammed-ouais/project-Huma-volve-Laravel/grocery-training-project-round-2/vendor/laravel/framework/src/Illuminate/Container/Container.php(731): Illuminate\\Foundation\\Application->resolve()
#3 /home/mohammed-ouais/project-Huma-volve-Laravel/grocery-training-project-round-2/vendor/laravel/framework/src/Illuminate/Foundation/Application.php(971): Illuminate\\Container\\Container->make()
#4 /home/mohammed-ouais/project-Huma-volve-Laravel/grocery-training-project-round-2/vendor/laravel/framework/src/Illuminate/Routing/Route.php(278): Illuminate\\Foundation\\Application->make()
#5 /home/mohammed-ouais/project-Huma-volve-Laravel/grocery-training-project-round-2/vendor/laravel/framework/src/Illuminate/Routing/Route.php(260): Illuminate\\Routing\\Route->getController()
#6 /home/mohammed-ouais/project-Huma-volve-Laravel/grocery-training-project-round-2/vendor/laravel/framework/src/Illuminate/Routing/Route.php(205): Illuminate\\Routing\\Route->runController()
#7 /home/mohammed-ouais/project-Huma-volve-Laravel/grocery-training-project-round-2/vendor/laravel/framework/src/Illuminate/Routing/Router.php(806): Illuminate\\Routing\\Route->run()
#8 /home/mohammed-ouais/project-Huma-volve-Laravel/grocery-training-project-round-2/vendor/laravel/framework/src/Illuminate/Pipeline/Pipeline.php(144): Illuminate\\Routing\\Router->Illuminate\\Routing\\{closure}()
#9 /home/mohammed-ouais/project-Huma-volve-Laravel/grocery-training-project-round-2/vendor/laravel/framework/src/Illuminate/Routing/Middleware/SubstituteBindings.php(50): Illuminate\\Pipeline\\Pipeline->Illuminate\\Pipeline\\{closure}()
#10 /home/mohammed-ouais/project-Huma-volve-Laravel/grocery-training-project-round-2/vendor/laravel/framework/src/Illuminate/Pipeline/Pipeline.php(183): Illuminate\\Routing\\Middleware\\SubstituteBindings->handle()
#11 /home/mohammed-ouais/project-Huma-volve-Laravel/grocery-training-project-round-2/vendor/laravel/framework/src/Illuminate/Foundation/Http/Middleware/VerifyCsrfToken.php(78): Illuminate\\Pipeline\\Pipeline->Illuminate\\Pipeline\\{closure}()
#12 /home/mohammed-ouais/project-Huma-volve-Laravel/grocery-training-project-round-2/vendor/laravel/framework/src/Illuminate/Pipeline/Pipeline.php(183): Illuminate\\Foundation\\Http\\Middleware\\VerifyCsrfToken->handle()
#13 /home/mohammed-ouais/project-Huma-volve-Laravel/grocery-training-project-round-2/vendor/laravel/framework/src/Illuminate/View/Middleware/ShareErrorsFromSession.php(49): Illuminate\\Pipeline\\Pipeline->Illuminate\\Pipeline\\{closure}()
#14 /home/mohammed-ouais/project-Huma-volve-Laravel/grocery-training-project-round-2/vendor/laravel/framework/src/Illuminate/Pipeline/Pipeline.php(183): Illuminate\\View\\Middleware\\ShareErrorsFromSession->handle()
#15 /home/mohammed-ouais/project-Huma-volve-Laravel/grocery-training-project-round-2/vendor/laravel/framework/src/Illuminate/Session/Middleware/StartSession.php(121): Illuminate\\Pipeline\\Pipeline->Illuminate\\Pipeline\\{closure}()
#16 /home/mohammed-ouais/project-Huma-volve-Laravel/grocery-training-project-round-2/vendor/laravel/framework/src/Illuminate/Session/Middleware/StartSession.php(64): Illuminate\\Session\\Middleware\\StartSession->handleStatefulRequest()
#17 /home/mohammed-ouais/project-Huma-volve-Laravel/grocery-training-project-round-2/vendor/laravel/framework/src/Illuminate/Pipeline/Pipeline.php(183): Illuminate\\Session\\Middleware\\StartSession->handle()
#18 /home/mohammed-ouais/project-Huma-volve-Laravel/grocery-training-project-round-2/vendor/laravel/framework/src/Illuminate/Cookie/Middleware/AddQueuedCookiesToResponse.php(37): Illuminate\\Pipeline\\Pipeline->Illuminate\\Pipeline\\{closure}()
#19 /home/mohammed-ouais/project-Huma-volve-Laravel/grocery-training-project-round-2/vendor/laravel/framework/src/Illuminate/Pipeline/Pipeline.php(183): Illuminate\\Cookie\\Middleware\\AddQueuedCookiesToResponse->handle()
#20 /home/mohammed-ouais/project-Huma-volve-Laravel/grocery-training-project-round-2/vendor/laravel/framework/src/Illuminate/Cookie/Middleware/EncryptCookies.php(67): Illuminate\\Pipeline\\Pipeline->Illuminate\\Pipeline\\{closure}()
#21 /home/mohammed-ouais/project-Huma-volve-Laravel/grocery-training-project-round-2/vendor/laravel/framework/src/Illuminate/Pipeline/Pipeline.php(183): Illuminate\\Cookie\\Middleware\\EncryptCookies->handle()
#22 /home/mohammed-ouais/project-Huma-volve-Laravel/grocery-training-project-round-2/vendor/laravel/framework/src/Illuminate/Pipeline/Pipeline.php(119): Illuminate\\Pipeline\\Pipeline->Illuminate\\Pipeline\\{closure}()
#23 /home/mohammed-ouais/project-Huma-volve-Laravel/grocery-training-project-round-2/vendor/laravel/framework/src/Illuminate/Routing/Router.php(805): Illuminate\\Pipeline\\Pipeline->then()
#24 /home/mohammed-ouais/project-Huma-volve-Laravel/grocery-training-project-round-2/vendor/laravel/framework/src/Illuminate/Routing/Router.php(784): Illuminate\\Routing\\Router->runRouteWithinStack()
#25 /home/mohammed-ouais/project-Huma-volve-Laravel/grocery-training-project-round-2/vendor/laravel/framework/src/Illuminate/Routing/Router.php(748): Illuminate\\Routing\\Router->runRoute()
#26 /home/mohammed-ouais/project-Huma-volve-Laravel/grocery-training-project-round-2/vendor/laravel/framework/src/Illuminate/Routing/Router.php(737): Illuminate\\Routing\\Router->dispatchToRoute()
#27 /home/mohammed-ouais/project-Huma-volve-Laravel/grocery-training-project-round-2/vendor/laravel/framework/src/Illuminate/Foundation/Http/Kernel.php(200): Illuminate\\Routing\\Router->dispatch()
#28 /home/mohammed-ouais/project-Huma-volve-Laravel/grocery-training-project-round-2/vendor/laravel/framework/src/Illuminate/Pipeline/Pipeline.php(144): Illuminate\\Foundation\\Http\\Kernel->Illuminate\\Foundation\\Http\\{closure}()
#29 /home/mohammed-ouais/project-Huma-volve-Laravel/grocery-training-project-round-2/vendor/livewire/livewire/src/Features/SupportDisablingBackButtonCache/DisableBackButtonCacheMiddleware.php(19): Illuminate\\Pipeline\\Pipeline->Illuminate\\Pipeline\\{closure}()
#30 /home/mohammed-ouais/project-Huma-volve-Laravel/grocery-training-project-round-2/vendor/laravel/framework/src/Illuminate/Pipeline/Pipeline.php(183): Livewire\\Features\\SupportDisablingBackButtonCache\\DisableBackButtonCacheMiddleware->handle()
#31 /home/mohammed-ouais/project-Huma-volve-Laravel/grocery-training-project-round-2/vendor/laravel/framework/src/Illuminate/Foundation/Http/Middleware/TransformsRequest.php(21): Illuminate\\Pipeline\\Pipeline->Illuminate\\Pipeline\\{closure}()
#32 /home/mohammed-ouais/project-Huma-volve-Laravel/grocery-training-project-round-2/vendor/laravel/framework/src/Illuminate/Foundation/Http/Middleware/ConvertEmptyStringsToNull.php(31): Illuminate\\Foundation\\Http\\Middleware\\TransformsRequest->handle()
#33 /home/mohammed-ouais/project-Huma-volve-Laravel/grocery-training-project-round-2/vendor/laravel/framework/src/Illuminate/Pipeline/Pipeline.php(183): Illuminate\\Foundation\\Http\\Middleware\\ConvertEmptyStringsToNull->handle()
#34 /home/mohammed-ouais/project-Huma-volve-Laravel/grocery-training-project-round-2/vendor/laravel/framework/src/Illuminate/Foundation/Http/Middleware/TransformsRequest.php(21): Illuminate\\Pipeline\\Pipeline->Illuminate\\Pipeline\\{closure}()
#35 /home/mohammed-ouais/project-Huma-volve-Laravel/grocery-training-project-round-2/vendor/laravel/framework/src/Illuminate/Foundation/Http/Middleware/TrimStrings.php(40): Illuminate\\Foundation\\Http\\Middleware\\TransformsRequest->handle()
#36 /home/mohammed-ouais/project-Huma-volve-Laravel/grocery-training-project-round-2/vendor/laravel/framework/src/Illuminate/Pipeline/Pipeline.php(183): Illuminate\\Foundation\\Http\\Middleware\\TrimStrings->handle()
#37 /home/mohammed-ouais/project-Huma-volve-Laravel/grocery-training-project-round-2/vendor/laravel/framework/src/Illuminate/Foundation/Http/Middleware/ValidatePostSize.php(27): Illuminate\\Pipeline\\Pipeline->Illuminate\\Pipeline\\{closure}()
#38 /home/mohammed-ouais/project-Huma-volve-Laravel/grocery-training-project-round-2/vendor/laravel/framework/src/Illuminate/Pipeline/Pipeline.php(183): Illuminate\\Foundation\\Http\\Middleware\\ValidatePostSize->handle()
#39 /home/mohammed-ouais/project-Huma-volve-Laravel/grocery-training-project-round-2/vendor/laravel/framework/src/Illuminate/Foundation/Http/Middleware/PreventRequestsDuringMaintenance.php(99): Illuminate\\Pipeline\\Pipeline->Illuminate\\Pipeline\\{closure}()
#40 /home/mohammed-ouais/project-Huma-volve-Laravel/grocery-training-project-round-2/vendor/laravel/framework/src/Illuminate/Pipeline/Pipeline.php(183): Illuminate\\Foundation\\Http\\Middleware\\PreventRequestsDuringMaintenance->handle()
#41 /home/mohammed-ouais/project-Huma-volve-Laravel/grocery-training-project-round-2/vendor/laravel/framework/src/Illuminate/Http/Middleware/HandleCors.php(49): Illuminate\\Pipeline\\Pipeline->Illuminate\\Pipeline\\{closure}()
#42 /home/mohammed-ouais/project-Huma-volve-Laravel/grocery-training-project-round-2/vendor/laravel/framework/src/Illuminate/Pipeline/Pipeline.php(183): Illuminate\\Http\\Middleware\\HandleCors->handle()
#43 /home/mohammed-ouais/project-Huma-volve-Laravel/grocery-training-project-round-2/vendor/laravel/framework/src/Illuminate/Http/Middleware/TrustProxies.php(39): Illuminate\\Pipeline\\Pipeline->Illuminate\\Pipeline\\{closure}()
#44 /home/mohammed-ouais/project-Huma-volve-Laravel/grocery-training-project-round-2/vendor/laravel/framework/src/Illuminate/Pipeline/Pipeline.php(183): Illuminate\\Http\\Middleware\\TrustProxies->handle()
#45 /home/mohammed-ouais/project-Huma-volve-Laravel/grocery-training-project-round-2/vendor/laravel/framework/src/Illuminate/Pipeline/Pipeline.php(119): Illuminate\\Pipeline\\Pipeline->Illuminate\\Pipeline\\{closure}()
#46 /home/mohammed-ouais/project-Huma-volve-Laravel/grocery-training-project-round-2/vendor/laravel/framework/src/Illuminate/Foundation/Http/Kernel.php(175): Illuminate\\Pipeline\\Pipeline->then()
#47 /home/mohammed-ouais/project-Huma-volve-Laravel/grocery-training-project-round-2/vendor/laravel/framework/src/Illuminate/Foundation/Http/Kernel.php(144): Illuminate\\Foundation\\Http\\Kernel->sendRequestThroughRouter()
#48 /home/mohammed-ouais/project-Huma-volve-Laravel/grocery-training-project-round-2/public/index.php(51): Illuminate\\Foundation\\Http\\Kernel->handle()
#49 /home/mohammed-ouais/project-Huma-volve-Laravel/grocery-training-project-round-2/vendor/laravel/framework/src/Illuminate/Foundation/resources/server.php(16): require_once('...')
#50 {main}

[previous exception] [object] (ReflectionException(code: -1): Class \"App\\Http\\Controllers\\Admin\\AdminAuthController\" does not exist at /home/mohammed-ouais/project-Huma-volve-Laravel/grocery-training-project-round-2/vendor/laravel/framework/src/Illuminate/Container/Container.php:912)
[stacktrace]
#0 /home/mohammed-ouais/project-Huma-volve-Laravel/grocery-training-project-round-2/vendor/laravel/framework/src/Illuminate/Container/Container.php(912): ReflectionClass->__construct()
#1 /home/mohammed-ouais/project-Huma-volve-Laravel/grocery-training-project-round-2/vendor/laravel/framework/src/Illuminate/Container/Container.php(795): Illuminate\\Container\\Container->build()
#2 /home/mohammed-ouais/project-Huma-volve-Laravel/grocery-training-project-round-2/vendor/laravel/framework/src/Illuminate/Foundation/Application.php(986): Illuminate\\Container\\Container->resolve()
#3 /home/mohammed-ouais/project-Huma-volve-Laravel/grocery-training-project-round-2/vendor/laravel/framework/src/Illuminate/Container/Container.php(731): Illuminate\\Foundation\\Application->resolve()
#4 /home/mohammed-ouais/project-Huma-volve-Laravel/grocery-training-project-round-2/vendor/laravel/framework/src/Illuminate/Foundation/Application.php(971): Illuminate\\Container\\Container->make()
#5 /home/mohammed-ouais/project-Huma-volve-Laravel/grocery-training-project-round-2/vendor/laravel/framework/src/Illuminate/Routing/Route.php(278): Illuminate\\Foundation\\Application->make()
#6 /home/mohammed-ouais/project-Huma-volve-Laravel/grocery-training-project-round-2/vendor/laravel/framework/src/Illuminate/Routing/Route.php(260): Illuminate\\Routing\\Route->getController()
#7 /home/mohammed-ouais/project-Huma-volve-Laravel/grocery-training-project-round-2/vendor/laravel/framework/src/Illuminate/Routing/Route.php(205): Illuminate\\Routing\\Route->runController()
#8 /home/mohammed-ouais/project-Huma-volve-Laravel/grocery-training-project-round-2/vendor/laravel/framework/src/Illuminate/Routing/Router.php(806): Illuminate\\Routing\\Route->run()
#9 /home/mohammed-ouais/project-Huma-volve-Laravel/grocery-training-project-round-2/vendor/laravel/framework/src/Illuminate/Pipeline/Pipeline.php(144): Illuminate\\Routing\\Router->Illuminate\\Routing\\{closure}()
#10 /home/mohammed-ouais/project-Huma-volve-Laravel/grocery-training-project-round-2/vendor/laravel/framework/src/Illuminate/Routing/Middleware/SubstituteBindings.php(50): Illuminate\\Pipeline\\Pipeline->Illuminate\\Pipeline\\{closure}()
#11 /home/mohammed-ouais/project-Huma-volve-Laravel/grocery-training-project-round-2/vendor/laravel/framework/src/Illuminate/Pipeline/Pipeline.php(183): Illuminate\\Routing\\Middleware\\SubstituteBindings->handle()
#12 /home/mohammed-ouais/project-Huma-volve-Laravel/grocery-training-project-round-2/vendor/laravel/framework/src/Illuminate/Foundation/Http/Middleware/VerifyCsrfToken.php(78): Illuminate\\Pipeline\\Pipeline->Illuminate\\Pipeline\\{closure}()
#13 /home/mohammed-ouais/project-Huma-volve-Laravel/grocery-training-project-round-2/vendor/laravel/framework/src/Illuminate/Pipeline/Pipeline.php(183): Illuminate\\Foundation\\Http\\Middleware\\VerifyCsrfToken->handle()
#14 /home/mohammed-ouais/project-Huma-volve-Laravel/grocery-training-project-round-2/vendor/laravel/framework/src/Illuminate/View/Middleware/ShareErrorsFromSession.php(49): Illuminate\\Pipeline\\Pipeline->Illuminate\\Pipeline\\{closure}()
#15 /home/mohammed-ouais/project-Huma-volve-Laravel/grocery-training-project-round-2/vendor/laravel/framework/src/Illuminate/Pipeline/Pipeline.php(183): Illuminate\\View\\Middleware\\ShareErrorsFromSession->handle()
#16 /home/mohammed-ouais/project-Huma-volve-Laravel/grocery-training-project-round-2/vendor/laravel/framework/src/Illuminate/Session/Middleware/StartSession.php(121): Illuminate\\Pipeline\\Pipeline->Illuminate\\Pipeline\\{closure}()
#17 /home/mohammed-ouais/project-Huma-volve-Laravel/grocery-training-project-round-2/vendor/laravel/framework/src/Illuminate/Session/Middleware/StartSession.php(64): Illuminate\\Session\\Middleware\\StartSession->handleStatefulRequest()
#18 /home/mohammed-ouais/project-Huma-volve-Laravel/grocery-training-project-round-2/vendor/laravel/framework/src/Illuminate/Pipeline/Pipeline.php(183): Illuminate\\Session\\Middleware\\StartSession->handle()
#19 /home/mohammed-ouais/project-Huma-volve-Laravel/grocery-training-project-round-2/vendor/laravel/framework/src/Illuminate/Cookie/Middleware/AddQueuedCookiesToResponse.php(37): Illuminate\\Pipeline\\Pipeline->Illuminate\\Pipeline\\{closure}()
#20 /home/mohammed-ouais/project-Huma-volve-Laravel/grocery-training-project-round-2/vendor/laravel/framework/src/Illuminate/Pipeline/Pipeline.php(183): Illuminate\\Cookie\\Middleware\\AddQueuedCookiesToResponse->handle()
#21 /home/mohammed-ouais/project-Huma-volve-Laravel/grocery-training-project-round-2/vendor/laravel/framework/src/Illuminate/Cookie/Middleware/EncryptCookies.php(67): Illuminate\\Pipeline\\Pipeline->Illuminate\\Pipeline\\{closure}()
#22 /home/mohammed-ouais/project-Huma-volve-Laravel/grocery-training-project-round-2/vendor/laravel/framework/src/Illuminate/Pipeline/Pipeline.php(183): Illuminate\\Cookie\\Middleware\\EncryptCookies->handle()
#23 /home/mohammed-ouais/project-Huma-volve-Laravel/grocery-training-project-round-2/vendor/laravel/framework/src/Illuminate/Pipeline/Pipeline.php(119): Illuminate\\Pipeline\\Pipeline->Illuminate\\Pipeline\\{closure}()
#24 /home/mohammed-ouais/project-Huma-volve-Laravel/grocery-training-project-round-2/vendor/laravel/framework/src/Illuminate/Routing/Router.php(805): Illuminate\\Pipeline\\Pipeline->then()
#25 /home/mohammed-ouais/project-Huma-volve-Laravel/grocery-training-project-round-2/vendor/laravel/framework/src/Illuminate/Routing/Router.php(784): Illuminate\\Routing\\Router->runRouteWithinStack()
#26 /home/mohammed-ouais/project-Huma-volve-Laravel/grocery-training-project-round-2/vendor/laravel/framework/src/Illuminate/Routing/Router.php(748): Illuminate\\Routing\\Router->runRoute()
#27 /home/mohammed-ouais/project-Huma-volve-Laravel/grocery-training-project-round-2/vendor/laravel/framework/src/Illuminate/Routing/Router.php(737): Illuminate\\Routing\\Router->dispatchToRoute()
#28 /home/mohammed-ouais/project-Huma-volve-Laravel/grocery-training-project-round-2/vendor/laravel/framework/src/Illuminate/Foundation/Http/Kernel.php(200): Illuminate\\Routing\\Router->dispatch()
#29 /home/mohammed-ouais/project-Huma-volve-Laravel/grocery-training-project-round-2/vendor/laravel/framework/src/Illuminate/Pipeline/Pipeline.php(144): Illuminate\\Foundation\\Http\\Kernel->Illuminate\\Foundation\\Http\\{closure}()
#30 /home/mohammed-ouais/project-Huma-volve-Laravel/grocery-training-project-round-2/vendor/livewire/livewire/src/Features/SupportDisablingBackButtonCache/DisableBackButtonCacheMiddleware.php(19): Illuminate\\Pipeline\\Pipeline->Illuminate\\Pipeline\\{closure}()
#31 /home/mohammed-ouais/project-Huma-volve-Laravel/grocery-training-project-round-2/vendor/laravel/framework/src/Illuminate/Pipeline/Pipeline.php(183): Livewire\\Features\\SupportDisablingBackButtonCache\\DisableBackButtonCacheMiddleware->handle()
#32 /home/mohammed-ouais/project-Huma-volve-Laravel/grocery-training-project-round-2/vendor/laravel/framework/src/Illuminate/Foundation/Http/Middleware/TransformsRequest.php(21): Illuminate\\Pipeline\\Pipeline->Illuminate\\Pipeline\\{closure}()
#33 /home/mohammed-ouais/project-Huma-volve-Laravel/grocery-training-project-round-2/vendor/laravel/framework/src/Illuminate/Foundation/Http/Middleware/ConvertEmptyStringsToNull.php(31): Illuminate\\Foundation\\Http\\Middleware\\TransformsRequest->handle()
#34 /home/mohammed-ouais/project-Huma-volve-Laravel/grocery-training-project-round-2/vendor/laravel/framework/src/Illuminate/Pipeline/Pipeline.php(183): Illuminate\\Foundation\\Http\\Middleware\\ConvertEmptyStringsToNull->handle()
#35 /home/mohammed-ouais/project-Huma-volve-Laravel/grocery-training-project-round-2/vendor/laravel/framework/src/Illuminate/Foundation/Http/Middleware/TransformsRequest.php(21): Illuminate\\Pipeline\\Pipeline->Illuminate\\Pipeline\\{closure}()
#36 /home/mohammed-ouais/project-Huma-volve-Laravel/grocery-training-project-round-2/vendor/laravel/framework/src/Illuminate/Foundation/Http/Middleware/TrimStrings.php(40): Illuminate\\Foundation\\Http\\Middleware\\TransformsRequest->handle()
#37 /home/mohammed-ouais/project-Huma-volve-Laravel/grocery-training-project-round-2/vendor/laravel/framework/src/Illuminate/Pipeline/Pipeline.php(183): Illuminate\\Foundation\\Http\\Middleware\\TrimStrings->handle()
#38 /home/mohammed-ouais/project-Huma-volve-Laravel/grocery-training-project-round-2/vendor/laravel/framework/src/Illuminate/Foundation/Http/Middleware/ValidatePostSize.php(27): Illuminate\\Pipeline\\Pipeline->Illuminate\\Pipeline\\{closure}()
#39 /home/mohammed-ouais/project-Huma-volve-Laravel/grocery-training-project-round-2/vendor/laravel/framework/src/Illuminate/Pipeline/Pipeline.php(183): Illuminate\\Foundation\\Http\\Middleware\\ValidatePostSize->handle()
#40 /home/mohammed-ouais/project-Huma-volve-Laravel/grocery-training-project-round-2/vendor/laravel/framework/src/Illuminate/Foundation/Http/Middleware/PreventRequestsDuringMaintenance.php(99): Illuminate\\Pipeline\\Pipeline->Illuminate\\Pipeline\\{closure}()
#41 /home/mohammed-ouais/project-Huma-volve-Laravel/grocery-training-project-round-2/vendor/laravel/framework/src/Illuminate/Pipeline/Pipeline.php(183): Illuminate\\Foundation\\Http\\Middleware\\PreventRequestsDuringMaintenance->handle()
#42 /home/mohammed-ouais/project-Huma-volve-Laravel/grocery-training-project-round-2/vendor/laravel/framework/src/Illuminate/Http/Middleware/HandleCors.php(49): Illuminate\\Pipeline\\Pipeline->Illuminate\\Pipeline\\{closure}()
#43 /home/mohammed-ouais/project-Huma-volve-Laravel/grocery-training-project-round-2/vendor/laravel/framework/src/Illuminate/Pipeline/Pipeline.php(183): Illuminate\\Http\\Middleware\\HandleCors->handle()
#44 /home/mohammed-ouais/project-Huma-volve-Laravel/grocery-training-project-round-2/vendor/laravel/framework/src/Illuminate/Http/Middleware/TrustProxies.php(39): Illuminate\\Pipeline\\Pipeline->Illuminate\\Pipeline\\{closure}()
#45 /home/mohammed-ouais/project-Huma-volve-Laravel/grocery-training-project-round-2/vendor/laravel/framework/src/Illuminate/Pipeline/Pipeline.php(183): Illuminate\\Http\\Middleware\\TrustProxies->handle()
#46 /home/mohammed-ouais/project-Huma-volve-Laravel/grocery-training-project-round-2/vendor/laravel/framework/src/Illuminate/Pipeline/Pipeline.php(119): Illuminate\\Pipeline\\Pipeline->Illuminate\\Pipeline\\{closure}()
#47 /home/mohammed-ouais/project-Huma-volve-Laravel/grocery-training-project-round-2/vendor/laravel/framework/src/Illuminate/Foundation/Http/Kernel.php(175): Illuminate\\Pipeline\\Pipeline->then()
#48 /home/mohammed-ouais/project-Huma-volve-Laravel/grocery-training-project-round-2/vendor/laravel/framework/src/Illuminate/Foundation/Http/Kernel.php(144): Illuminate\\Foundation\\Http\\Kernel->sendRequestThroughRouter()
#49 /home/mohammed-ouais/project-Huma-volve-Laravel/grocery-training-project-round-2/public/index.php(51): Illuminate\\Foundation\\Http\\Kernel->handle()
#50 /home/mohammed-ouais/project-Huma-volve-Laravel/grocery-training-project-round-2/vendor/laravel/framework/src/Illuminate/Foundation/resources/server.php(16): require_once('...')
#51 {main}
"} 
[2026-08-07 07:01:36] local.ERROR: Target class [App\Http\Controllers\Admin\AdminAuthController] does not exist. {"exception":"[object] (Illuminate\\Contracts\\Container\\BindingResolutionException(code: 0): Target class [App\\Http\\Controllers\\Admin\\AdminAuthController] does not exist. at /home/mohammed-ouais/project-Huma-volve-Laravel/grocery-training-project-round-2/vendor/laravel/framework/src/Illuminate/Container/Container.php:914)
[stacktrace]
#0 /home/mohammed-ouais/project-Huma-volve-Laravel/grocery-training-project-round-2/vendor/laravel/framework/src/Illuminate/Container/Container.php(795): Illuminate\\Container\\Container->build()
#1 /home/mohammed-ouais/project-Huma-volve-Laravel/grocery-training-project-round-2/vendor/laravel/framework/src/Illuminate/Foundation/Application.php(986): Illuminate\\Container\\Container->resolve()
#2 /home/mohammed-ouais/project-Huma-volve-Laravel/grocery-training-project-round-2/vendor/laravel/framework/src/Illuminate/Container/Container.php(731): Illuminate\\Foundation\\Application->resolve()
#3 /home/mohammed-ouais/project-Huma-volve-Laravel/grocery-training-project-round-2/vendor/laravel/framework/src/Illuminate/Foundation/Application.php(971): Illuminate\\Container\\Container->make()
#4 /home/mohammed-ouais/project-Huma-volve-Laravel/grocery-training-project-round-2/vendor/laravel/framework/src/Illuminate/Routing/Route.php(278): Illuminate\\Foundation\\Application->make()
#5 /home/mohammed-ouais/project-Huma-volve-Laravel/grocery-training-project-round-2/vendor/laravel/framework/src/Illuminate/Routing/Route.php(260): Illuminate\\Routing\\Route->getController()
#6 /home/mohammed-ouais/project-Huma-volve-Laravel/grocery-training-project-round-2/vendor/laravel/framework/src/Illuminate/Routing/Route.php(205): Illuminate\\Routing\\Route->runController()
#7 /home/mohammed-ouais/project-Huma-volve-Laravel/grocery-training-project-round-2/vendor/laravel/framework/src/Illuminate/Routing/Router.php(806): Illuminate\\Routing\\Route->run()
#8 /home/mohammed-ouais/project-Huma-volve-Laravel/grocery-training-project-round-2/vendor/laravel/framework/src/Illuminate/Pipeline/Pipeline.php(144): Illuminate\\Routing\\Router->Illuminate\\Routing\\{closure}()
#9 /home/mohammed-ouais/project-Huma-volve-Laravel/grocery-training-project-round-2/vendor/laravel/framework/src/Illuminate/Routing/Middleware/SubstituteBindings.php(50): Illuminate\\Pipeline\\Pipeline->Illuminate\\Pipeline\\{closure}()
#10 /home/mohammed-ouais/project-Huma-volve-Laravel/grocery-training-project-round-2/vendor/laravel/framework/src/Illuminate/Pipeline/Pipeline.php(183): Illuminate\\Routing\\Middleware\\SubstituteBindings->handle()
#11 /home/mohammed-ouais/project-Huma-volve-Laravel/grocery-training-project-round-2/vendor/laravel/framework/src/Illuminate/Foundation/Http/Middleware/VerifyCsrfToken.php(78): Illuminate\\Pipeline\\Pipeline->Illuminate\\Pipeline\\{closure}()
#12 /home/mohammed-ouais/project-Huma-volve-Laravel/grocery-training-project-round-2/vendor/laravel/framework/src/Illuminate/Pipeline/Pipeline.php(183): Illuminate\\Foundation\\Http\\Middleware\\VerifyCsrfToken->handle()
#13 /home/mohammed-ouais/project-Huma-volve-Laravel/grocery-training-project-round-2/vendor/laravel/framework/src/Illuminate/View/Middleware/ShareErrorsFromSession.php(49): Illuminate\\Pipeline\\Pipeline->Illuminate\\Pipeline\\{closure}()
#14 /home/mohammed-ouais/project-Huma-volve-Laravel/grocery-training-project-round-2/vendor/laravel/framework/src/Illuminate/Pipeline/Pipeline.php(183): Illuminate\\View\\Middleware\\ShareErrorsFromSession->handle()
#15 /home/mohammed-ouais/project-Huma-volve-Laravel/grocery-training-project-round-2/vendor/laravel/framework/src/Illuminate/Session/Middleware/StartSession.php(121): Illuminate\\Pipeline\\Pipeline->Illuminate\\Pipeline\\{closure}()
#16 /home/mohammed-ouais/project-Huma-volve-Laravel/grocery-training-project-round-2/vendor/laravel/framework/src/Illuminate/Session/Middleware/StartSession.php(64): Illuminate\\Session\\Middleware\\StartSession->handleStatefulRequest()
#17 /home/mohammed-ouais/project-Huma-volve-Laravel/grocery-training-project-round-2/vendor/laravel/framework/src/Illuminate/Pipeline/Pipeline.php(183): Illuminate\\Session\\Middleware\\StartSession->handle()
#18 /home/mohammed-ouais/project-Huma-volve-Laravel/grocery-training-project-round-2/vendor/laravel/framework/src/Illuminate/Cookie/Middleware/AddQueuedCookiesToResponse.php(37): Illuminate\\Pipeline\\Pipeline->Illuminate\\Pipeline\\{closure}()
#19 /home/mohammed-ouais/project-Huma-volve-Laravel/grocery-training-project-round-2/vendor/laravel/framework/src/Illuminate/Pipeline/Pipeline.php(183): Illuminate\\Cookie\\Middleware\\AddQueuedCookiesToResponse->handle()
#20 /home/mohammed-ouais/project-Huma-volve-Laravel/grocery-training-project-round-2/vendor/laravel/framework/src/Illuminate/Cookie/Middleware/EncryptCookies.php(67): Illuminate\\Pipeline\\Pipeline->Illuminate\\Pipeline\\{closure}()
#21 /home/mohammed-ouais/project-Huma-volve-Laravel/grocery-training-project-round-2/vendor/laravel/framework/src/Illuminate/Pipeline/Pipeline.php(183): Illuminate\\Cookie\\Middleware\\EncryptCookies->handle()
#22 /home/mohammed-ouais/project-Huma-volve-Laravel/grocery-training-project-round-2/vendor/laravel/framework/src/Illuminate/Pipeline/Pipeline.php(119): Illuminate\\Pipeline\\Pipeline->Illuminate\\Pipeline\\{closure}()
#23 /home/mohammed-ouais/project-Huma-volve-Laravel/grocery-training-project-round-2/vendor/laravel/framework/src/Illuminate/Routing/Router.php(805): Illuminate\\Pipeline\\Pipeline->then()
#24 /home/mohammed-ouais/project-Huma-volve-Laravel/grocery-training-project-round-2/vendor/laravel/framework/src/Illuminate/Routing/Router.php(784): Illuminate\\Routing\\Router->runRouteWithinStack()
#25 /home/mohammed-ouais/project-Huma-volve-Laravel/grocery-training-project-round-2/vendor/laravel/framework/src/Illuminate/Routing/Router.php(748): Illuminate\\Routing\\Router->runRoute()
#26 /home/mohammed-ouais/project-Huma-volve-Laravel/grocery-training-project-round-2/vendor/laravel/framework/src/Illuminate/Routing/Router.php(737): Illuminate\\Routing\\Router->dispatchToRoute()
#27 /home/mohammed-ouais/project-Huma-volve-Laravel/grocery-training-project-round-2/vendor/laravel/framework/src/Illuminate/Foundation/Http/Kernel.php(200): Illuminate\\Routing\\Router->dispatch()
#28 /home/mohammed-ouais/project-Huma-volve-Laravel/grocery-training-project-round-2/vendor/laravel/framework/src/Illuminate/Pipeline/Pipeline.php(144): Illuminate\\Foundation\\Http\\Kernel->Illuminate\\Foundation\\Http\\{closure}()
#29 /home/mohammed-ouais/project-Huma-volve-Laravel/grocery-training-project-round-2/vendor/livewire/livewire/src/Features/SupportDisablingBackButtonCache/DisableBackButtonCacheMiddleware.php(19): Illuminate\\Pipeline\\Pipeline->Illuminate\\Pipeline\\{closure}()
#30 /home/mohammed-ouais/project-Huma-volve-Laravel/grocery-training-project-round-2/vendor/laravel/framework/src/Illuminate/Pipeline/Pipeline.php(183): Livewire\\Features\\SupportDisablingBackButtonCache\\DisableBackButtonCacheMiddleware->handle()
#31 /home/mohammed-ouais/project-Huma-volve-Laravel/grocery-training-project-round-2/vendor/laravel/framework/src/Illuminate/Foundation/Http/Middleware/TransformsRequest.php(21): Illuminate\\Pipeline\\Pipeline->Illuminate\\Pipeline\\{closure}()
#32 /home/mohammed-ouais/project-Huma-volve-Laravel/grocery-training-project-round-2/vendor/laravel/framework/src/Illuminate/Foundation/Http/Middleware/ConvertEmptyStringsToNull.php(31): Illuminate\\Foundation\\Http\\Middleware\\TransformsRequest->handle()
#33 /home/mohammed-ouais/project-Huma-volve-Laravel/grocery-training-project-round-2/vendor/laravel/framework/src/Illuminate/Pipeline/Pipeline.php(183): Illuminate\\Foundation\\Http\\Middleware\\ConvertEmptyStringsToNull->handle()
#34 /home/mohammed-ouais/project-Huma-volve-Laravel/grocery-training-project-round-2/vendor/laravel/framework/src/Illuminate/Foundation/Http/Middleware/TransformsRequest.php(21): Illuminate\\Pipeline\\Pipeline->Illuminate\\Pipeline\\{closure}()
#35 /home/mohammed-ouais/project-Huma-volve-Laravel/grocery-training-project-round-2/vendor/laravel/framework/src/Illuminate/Foundation/Http/Middleware/TrimStrings.php(40): Illuminate\\Foundation\\Http\\Middleware\\TransformsRequest->handle()
#36 /home/mohammed-ouais/project-Huma-volve-Laravel/grocery-training-project-round-2/vendor/laravel/framework/src/Illuminate/Pipeline/Pipeline.php(183): Illuminate\\Foundation\\Http\\Middleware\\TrimStrings->handle()
#37 /home/mohammed-ouais/project-Huma-volve-Laravel/grocery-training-project-round-2/vendor/laravel/framework/src/Illuminate/Foundation/Http/Middleware/ValidatePostSize.php(27): Illuminate\\Pipeline\\Pipeline->Illuminate\\Pipeline\\{closure}()
#38 /home/mohammed-ouais/project-Huma-volve-Laravel/grocery-training-project-round-2/vendor/laravel/framework/src/Illuminate/Pipeline/Pipeline.php(183): Illuminate\\Foundation\\Http\\Middleware\\ValidatePostSize->handle()
#39 /home/mohammed-ouais/project-Huma-volve-Laravel/grocery-training-project-round-2/vendor/laravel/framework/src/Illuminate/Foundation/Http/Middleware/PreventRequestsDuringMaintenance.php(99): Illuminate\\Pipeline\\Pipeline->Illuminate\\Pipeline\\{closure}()
#40 /home/mohammed-ouais/project-Huma-volve-Laravel/grocery-training-project-round-2/vendor/laravel/framework/src/Illuminate/Pipeline/Pipeline.php(183): Illuminate\\Foundation\\Http\\Middleware\\PreventRequestsDuringMaintenance->handle()
#41 /home/mohammed-ouais/project-Huma-volve-Laravel/grocery-training-project-round-2/vendor/laravel/framework/src/Illuminate/Http/Middleware/HandleCors.php(49): Illuminate\\Pipeline\\Pipeline->Illuminate\\Pipeline\\{closure}()
#42 /home/mohammed-ouais/project-Huma-volve-Laravel/grocery-training-project-round-2/vendor/laravel/framework/src/Illuminate/Pipeline/Pipeline.php(183): Illuminate\\Http\\Middleware\\HandleCors->handle()
#43 /home/mohammed-ouais/project-Huma-volve-Laravel/grocery-training-project-round-2/vendor/laravel/framework/src/Illuminate/Http/Middleware/TrustProxies.php(39): Illuminate\\Pipeline\\Pipeline->Illuminate\\Pipeline\\{closure}()
#44 /home/mohammed-ouais/project-Huma-volve-Laravel/grocery-training-project-round-2/vendor/laravel/framework/src/Illuminate/Pipeline/Pipeline.php(183): Illuminate\\Http\\Middleware\\TrustProxies->handle()
#45 /home/mohammed-ouais/project-Huma-volve-Laravel/grocery-training-project-round-2/vendor/laravel/framework/src/Illuminate/Pipeline/Pipeline.php(119): Illuminate\\Pipeline\\Pipeline->Illuminate\\Pipeline\\{closure}()
#46 /home/mohammed-ouais/project-Huma-volve-Laravel/grocery-training-project-round-2/vendor/laravel/framework/src/Illuminate/Foundation/Http/Kernel.php(175): Illuminate\\Pipeline\\Pipeline->then()
#47 /home/mohammed-ouais/project-Huma-volve-Laravel/grocery-training-project-round-2/vendor/laravel/framework/src/Illuminate/Foundation/Http/Kernel.php(144): Illuminate\\Foundation\\Http\\Kernel->sendRequestThroughRouter()
#48 /home/mohammed-ouais/project-Huma-volve-Laravel/grocery-training-project-round-2/public/index.php(51): Illuminate\\Foundation\\Http\\Kernel->handle()
#49 /home/mohammed-ouais/project-Huma-volve-Laravel/grocery-training-project-round-2/vendor/laravel/framework/src/Illuminate/Foundation/resources/server.php(16): require_once('...')
#50 {main}

[previous exception] [object] (ReflectionException(code: -1): Class \"App\\Http\\Controllers\\Admin\\AdminAuthController\" does not exist at /home/mohammed-ouais/project-Huma-volve-Laravel/grocery-training-project-round-2/vendor/laravel/framework/src/Illuminate/Container/Container.php:912)
[stacktrace]
#0 /home/mohammed-ouais/project-Huma-volve-Laravel/grocery-training-project-round-2/vendor/laravel/framework/src/Illuminate/Container/Container.php(912): ReflectionClass->__construct()
#1 /home/mohammed-ouais/project-Huma-volve-Laravel/grocery-training-project-round-2/vendor/laravel/framework/src/Illuminate/Container/Container.php(795): Illuminate\\Container\\Container->build()
#2 /home/mohammed-ouais/project-Huma-volve-Laravel/grocery-training-project-round-2/vendor/laravel/framework/src/Illuminate/Foundation/Application.php(986): Illuminate\\Container\\Container->resolve()
#3 /home/mohammed-ouais/project-Huma-volve-Laravel/grocery-training-project-round-2/vendor/laravel/framework/src/Illuminate/Container/Container.php(731): Illuminate\\Foundation\\Application->resolve()
#4 /home/mohammed-ouais/project-Huma-volve-Laravel/grocery-training-project-round-2/vendor/laravel/framework/src/Illuminate/Foundation/Application.php(971): Illuminate\\Container\\Container->make()
#5 /home/mohammed-ouais/project-Huma-volve-Laravel/grocery-training-project-round-2/vendor/laravel/framework/src/Illuminate/Routing/Route.php(278): Illuminate\\Foundation\\Application->make()
#6 /home/mohammed-ouais/project-Huma-volve-Laravel/grocery-training-project-round-2/vendor/laravel/framework/src/Illuminate/Routing/Route.php(260): Illuminate\\Routing\\Route->getController()
#7 /home/mohammed-ouais/project-Huma-volve-Laravel/grocery-training-project-round-2/vendor/laravel/framework/src/Illuminate/Routing/Route.php(205): Illuminate\\Routing\\Route->runController()
#8 /home/mohammed-ouais/project-Huma-volve-Laravel/grocery-training-project-round-2/vendor/laravel/framework/src/Illuminate/Routing/Router.php(806): Illuminate\\Routing\\Route->run()
#9 /home/mohammed-ouais/project-Huma-volve-Laravel/grocery-training-project-round-2/vendor/laravel/framework/src/Illuminate/Pipeline/Pipeline.php(144): Illuminate\\Routing\\Router->Illuminate\\Routing\\{closure}()
#10 /home/mohammed-ouais/project-Huma-volve-Laravel/grocery-training-project-round-2/vendor/laravel/framework/src/Illuminate/Routing/Middleware/SubstituteBindings.php(50): Illuminate\\Pipeline\\Pipeline->Illuminate\\Pipeline\\{closure}()
#11 /home/mohammed-ouais/project-Huma-volve-Laravel/grocery-training-project-round-2/vendor/laravel/framework/src/Illuminate/Pipeline/Pipeline.php(183): Illuminate\\Routing\\Middleware\\SubstituteBindings->handle()
#12 /home/mohammed-ouais/project-Huma-volve-Laravel/grocery-training-project-round-2/vendor/laravel/framework/src/Illuminate/Foundation/Http/Middleware/VerifyCsrfToken.php(78): Illuminate\\Pipeline\\Pipeline->Illuminate\\Pipeline\\{closure}()
#13 /home/mohammed-ouais/project-Huma-volve-Laravel/grocery-training-project-round-2/vendor/laravel/framework/src/Illuminate/Pipeline/Pipeline.php(183): Illuminate\\Foundation\\Http\\Middleware\\VerifyCsrfToken->handle()
#14 /home/mohammed-ouais/project-Huma-volve-Laravel/grocery-training-project-round-2/vendor/laravel/framework/src/Illuminate/View/Middleware/ShareErrorsFromSession.php(49): Illuminate\\Pipeline\\Pipeline->Illuminate\\Pipeline\\{closure}()
#15 /home/mohammed-ouais/project-Huma-volve-Laravel/grocery-training-project-round-2/vendor/laravel/framework/src/Illuminate/Pipeline/Pipeline.php(183): Illuminate\\View\\Middleware\\ShareErrorsFromSession->handle()
#16 /home/mohammed-ouais/project-Huma-volve-Laravel/grocery-training-project-round-2/vendor/laravel/framework/src/Illuminate/Session/Middleware/StartSession.php(121): Illuminate\\Pipeline\\Pipeline->Illuminate\\Pipeline\\{closure}()
#17 /home/mohammed-ouais/project-Huma-volve-Laravel/grocery-training-project-round-2/vendor/laravel/framework/src/Illuminate/Session/Middleware/StartSession.php(64): Illuminate\\Session\\Middleware\\StartSession->handleStatefulRequest()
#18 /home/mohammed-ouais/project-Huma-volve-Laravel/grocery-training-project-round-2/vendor/laravel/framework/src/Illuminate/Pipeline/Pipeline.php(183): Illuminate\\Session\\Middleware\\StartSession->handle()
#19 /home/mohammed-ouais/project-Huma-volve-Laravel/grocery-training-project-round-2/vendor/laravel/framework/src/Illuminate/Cookie/Middleware/AddQueuedCookiesToResponse.php(37): Illuminate\\Pipeline\\Pipeline->Illuminate\\Pipeline\\{closure}()
#20 /home/mohammed-ouais/project-Huma-volve-Laravel/grocery-training-project-round-2/vendor/laravel/framework/src/Illuminate/Pipeline/Pipeline.php(183): Illuminate\\Cookie\\Middleware\\AddQueuedCookiesToResponse->handle()
#21 /home/mohammed-ouais/project-Huma-volve-Laravel/grocery-training-project-round-2/vendor/laravel/framework/src/Illuminate/Cookie/Middleware/EncryptCookies.php(67): Illuminate\\Pipeline\\Pipeline->Illuminate\\Pipeline\\{closure}()
#22 /home/mohammed-ouais/project-Huma-volve-Laravel/grocery-training-project-round-2/vendor/laravel/framework/src/Illuminate/Pipeline/Pipeline.php(183): Illuminate\\Cookie\\Middleware\\EncryptCookies->handle()
#23 /home/mohammed-ouais/project-Huma-volve-Laravel/grocery-training-project-round-2/vendor/laravel/framework/src/Illuminate/Pipeline/Pipeline.php(119): Illuminate\\Pipeline\\Pipeline->Illuminate\\Pipeline\\{closure}()
#24 /home/mohammed-ouais/project-Huma-volve-Laravel/grocery-training-project-round-2/vendor/laravel/framework/src/Illuminate/Routing/Router.php(805): Illuminate\\Pipeline\\Pipeline->then()
#25 /home/mohammed-ouais/project-Huma-volve-Laravel/grocery-training-project-round-2/vendor/laravel/framework/src/Illuminate/Routing/Router.php(784): Illuminate\\Routing\\Router->runRouteWithinStack()
#26 /home/mohammed-ouais/project-Huma-volve-Laravel/grocery-training-project-round-2/vendor/laravel/framework/src/Illuminate/Routing/Router.php(748): Illuminate\\Routing\\Router->runRoute()
#27 /home/mohammed-ouais/project-Huma-volve-Laravel/grocery-training-project-round-2/vendor/laravel/framework/src/Illuminate/Routing/Router.php(737): Illuminate\\Routing\\Router->dispatchToRoute()
#28 /home/mohammed-ouais/project-Huma-volve-Laravel/grocery-training-project-round-2/vendor/laravel/framework/src/Illuminate/Foundation/Http/Kernel.php(200): Illuminate\\Routing\\Router->dispatch()
#29 /home/mohammed-ouais/project-Huma-volve-Laravel/grocery-training-project-round-2/vendor/laravel/framework/src/Illuminate/Pipeline/Pipeline.php(144): Illuminate\\Foundation\\Http\\Kernel->Illuminate\\Foundation\\Http\\{closure}()
#30 /home/mohammed-ouais/project-Huma-volve-Laravel/grocery-training-project-round-2/vendor/livewire/livewire/src/Features/SupportDisablingBackButtonCache/DisableBackButtonCacheMiddleware.php(19): Illuminate\\Pipeline\\Pipeline->Illuminate\\Pipeline\\{closure}()
#31 /home/mohammed-ouais/project-Huma-volve-Laravel/grocery-training-project-round-2/vendor/laravel/framework/src/Illuminate/Pipeline/Pipeline.php(183): Livewire\\Features\\SupportDisablingBackButtonCache\\DisableBackButtonCacheMiddleware->handle()
#32 /home/mohammed-ouais/project-Huma-volve-Laravel/grocery-training-project-round-2/vendor/laravel/framework/src/Illuminate/Foundation/Http/Middleware/TransformsRequest.php(21): Illuminate\\Pipeline\\Pipeline->Illuminate\\Pipeline\\{closure}()
#33 /home/mohammed-ouais/project-Huma-volve-Laravel/grocery-training-project-round-2/vendor/laravel/framework/src/Illuminate/Foundation/Http/Middleware/ConvertEmptyStringsToNull.php(31): Illuminate\\Foundation\\Http\\Middleware\\TransformsRequest->handle()
#34 /home/mohammed-ouais/project-Huma-volve-Laravel/grocery-training-project-round-2/vendor/laravel/framework/src/Illuminate/Pipeline/Pipeline.php(183): Illuminate\\Foundation\\Http\\Middleware\\ConvertEmptyStringsToNull->handle()
#35 /home/mohammed-ouais/project-Huma-volve-Laravel/grocery-training-project-round-2/vendor/laravel/framework/src/Illuminate/Foundation/Http/Middleware/TransformsRequest.php(21): Illuminate\\Pipeline\\Pipeline->Illuminate\\Pipeline\\{closure}()
#36 /home/mohammed-ouais/project-Huma-volve-Laravel/grocery-training-project-round-2/vendor/laravel/framework/src/Illuminate/Foundation/Http/Middleware/TrimStrings.php(40): Illuminate\\Foundation\\Http\\Middleware\\TransformsRequest->handle()
#37 /home/mohammed-ouais/project-Huma-volve-Laravel/grocery-training-project-round-2/vendor/laravel/framework/src/Illuminate/Pipeline/Pipeline.php(183): Illuminate\\Foundation\\Http\\Middleware\\TrimStrings->handle()
#38 /home/mohammed-ouais/project-Huma-volve-Laravel/grocery-training-project-round-2/vendor/laravel/framework/src/Illuminate/Foundation/Http/Middleware/ValidatePostSize.php(27): Illuminate\\Pipeline\\Pipeline->Illuminate\\Pipeline\\{closure}()
#39 /home/mohammed-ouais/project-Huma-volve-Laravel/grocery-training-project-round-2/vendor/laravel/framework/src/Illuminate/Pipeline/Pipeline.php(183): Illuminate\\Foundation\\Http\\Middleware\\ValidatePostSize->handle()
#40 /home/mohammed-ouais/project-Huma-volve-Laravel/grocery-training-project-round-2/vendor/laravel/framework/src/Illuminate/Foundation/Http/Middleware/PreventRequestsDuringMaintenance.php(99): Illuminate\\Pipeline\\Pipeline->Illuminate\\Pipeline\\{closure}()
#41 /home/mohammed-ouais/project-Huma-volve-Laravel/grocery-training-project-round-2/vendor/laravel/framework/src/Illuminate/Pipeline/Pipeline.php(183): Illuminate\\Foundation\\Http\\Middleware\\PreventRequestsDuringMaintenance->handle()
#42 /home/mohammed-ouais/project-Huma-volve-Laravel/grocery-training-project-round-2/vendor/laravel/framework/src/Illuminate/Http/Middleware/HandleCors.php(49): Illuminate\\Pipeline\\Pipeline->Illuminate\\Pipeline\\{closure}()
#43 /home/mohammed-ouais/project-Huma-volve-Laravel/grocery-training-project-round-2/vendor/laravel/framework/src/Illuminate/Pipeline/Pipeline.php(183): Illuminate\\Http\\Middleware\\HandleCors->handle()
#44 /home/mohammed-ouais/project-Huma-volve-Laravel/grocery-training-project-round-2/vendor/laravel/framework/src/Illuminate/Http/Middleware/TrustProxies.php(39): Illuminate\\Pipeline\\Pipeline->Illuminate\\Pipeline\\{closure}()
#45 /home/mohammed-ouais/project-Huma-volve-Laravel/grocery-training-project-round-2/vendor/laravel/framework/src/Illuminate/Pipeline/Pipeline.php(183): Illuminate\\Http\\Middleware\\TrustProxies->handle()
#46 /home/mohammed-ouais/project-Huma-volve-Laravel/grocery-training-project-round-2/vendor/laravel/framework/src/Illuminate/Pipeline/Pipeline.php(119): Illuminate\\Pipeline\\Pipeline->Illuminate\\Pipeline\\{closure}()
#47 /home/mohammed-ouais/project-Huma-volve-Laravel/grocery-training-project-round-2/vendor/laravel/framework/src/Illuminate/Foundation/Http/Kernel.php(175): Illuminate\\Pipeline\\Pipeline->then()
#48 /home/mohammed-ouais/project-Huma-volve-Laravel/grocery-training-project-round-2/vendor/laravel/framework/src/Illuminate/Foundation/Http/Kernel.php(144): Illuminate\\Foundation\\Http\\Kernel->sendRequestThroughRouter()
#49 /home/mohammed-ouais/project-Huma-volve-Laravel/grocery-training-project-round-2/public/index.php(51): Illuminate\\Foundation\\Http\\Kernel->handle()
#50 /home/mohammed-ouais/project-Huma-volve-Laravel/grocery-training-project-round-2/vendor/laravel/framework/src/Illuminate/Foundation/resources/server.php(16): require_once('...')
#51 {main}
"} 
[2026-08-07 07:01:40] local.ERROR: Target class [App\Http\Controllers\Admin\AdminAuthController] does not exist. {"exception":"[object] (Illuminate\\Contracts\\Container\\BindingResolutionException(code: 0): Target class [App\\Http\\Controllers\\Admin\\AdminAuthController] does not exist. at /home/mohammed-ouais/project-Huma-volve-Laravel/grocery-training-project-round-2/vendor/laravel/framework/src/Illuminate/Container/Container.php:914)
[stacktrace]
#0 /home/mohammed-ouais/project-Huma-volve-Laravel/grocery-training-project-round-2/vendor/laravel/framework/src/Illuminate/Container/Container.php(795): Illuminate\\Container\\Container->build()
#1 /home/mohammed-ouais/project-Huma-volve-Laravel/grocery-training-project-round-2/vendor/laravel/framework/src/Illuminate/Foundation/Application.php(986): Illuminate\\Container\\Container->resolve()
#2 /home/mohammed-ouais/project-Huma-volve-Laravel/grocery-training-project-round-2/vendor/laravel/framework/src/Illuminate/Container/Container.php(731): Illuminate\\Foundation\\Application->resolve()
#3 /home/mohammed-ouais/project-Huma-volve-Laravel/grocery-training-project-round-2/vendor/laravel/framework/src/Illuminate/Foundation/Application.php(971): Illuminate\\Container\\Container->make()
#4 /home/mohammed-ouais/project-Huma-volve-Laravel/grocery-training-project-round-2/vendor/laravel/framework/src/Illuminate/Routing/Route.php(278): Illuminate\\Foundation\\Application->make()
#5 /home/mohammed-ouais/project-Huma-volve-Laravel/grocery-training-project-round-2/vendor/laravel/framework/src/Illuminate/Routing/Route.php(260): Illuminate\\Routing\\Route->getController()
#6 /home/mohammed-ouais/project-Huma-volve-Laravel/grocery-training-project-round-2/vendor/laravel/framework/src/Illuminate/Routing/Route.php(205): Illuminate\\Routing\\Route->runController()
#7 /home/mohammed-ouais/project-Huma-volve-Laravel/grocery-training-project-round-2/vendor/laravel/framework/src/Illuminate/Routing/Router.php(806): Illuminate\\Routing\\Route->run()
#8 /home/mohammed-ouais/project-Huma-volve-Laravel/grocery-training-project-round-2/vendor/laravel/framework/src/Illuminate/Pipeline/Pipeline.php(144): Illuminate\\Routing\\Router->Illuminate\\Routing\\{closure}()
#9 /home/mohammed-ouais/project-Huma-volve-Laravel/grocery-training-project-round-2/vendor/laravel/framework/src/Illuminate/Routing/Middleware/SubstituteBindings.php(50): Illuminate\\Pipeline\\Pipeline->Illuminate\\Pipeline\\{closure}()
#10 /home/mohammed-ouais/project-Huma-volve-Laravel/grocery-training-project-round-2/vendor/laravel/framework/src/Illuminate/Pipeline/Pipeline.php(183): Illuminate\\Routing\\Middleware\\SubstituteBindings->handle()
#11 /home/mohammed-ouais/project-Huma-volve-Laravel/grocery-training-project-round-2/vendor/laravel/framework/src/Illuminate/Foundation/Http/Middleware/VerifyCsrfToken.php(78): Illuminate\\Pipeline\\Pipeline->Illuminate\\Pipeline\\{closure}()
#12 /home/mohammed-ouais/project-Huma-volve-Laravel/grocery-training-project-round-2/vendor/laravel/framework/src/Illuminate/Pipeline/Pipeline.php(183): Illuminate\\Foundation\\Http\\Middleware\\VerifyCsrfToken->handle()
#13 /home/mohammed-ouais/project-Huma-volve-Laravel/grocery-training-project-round-2/vendor/laravel/framework/src/Illuminate/View/Middleware/ShareErrorsFromSession.php(49): Illuminate\\Pipeline\\Pipeline->Illuminate\\Pipeline\\{closure}()
#14 /home/mohammed-ouais/project-Huma-volve-Laravel/grocery-training-project-round-2/vendor/laravel/framework/src/Illuminate/Pipeline/Pipeline.php(183): Illuminate\\View\\Middleware\\ShareErrorsFromSession->handle()
#15 /home/mohammed-ouais/project-Huma-volve-Laravel/grocery-training-project-round-2/vendor/laravel/framework/src/Illuminate/Session/Middleware/StartSession.php(121): Illuminate\\Pipeline\\Pipeline->Illuminate\\Pipeline\\{closure}()
#16 /home/mohammed-ouais/project-Huma-volve-Laravel/grocery-training-project-round-2/vendor/laravel/framework/src/Illuminate/Session/Middleware/StartSession.php(64): Illuminate\\Session\\Middleware\\StartSession->handleStatefulRequest()
#17 /home/mohammed-ouais/project-Huma-volve-Laravel/grocery-training-project-round-2/vendor/laravel/framework/src/Illuminate/Pipeline/Pipeline.php(183): Illuminate\\Session\\Middleware\\StartSession->handle()
#18 /home/mohammed-ouais/project-Huma-volve-Laravel/grocery-training-project-round-2/vendor/laravel/framework/src/Illuminate/Cookie/Middleware/AddQueuedCookiesToResponse.php(37): Illuminate\\Pipeline\\Pipeline->Illuminate\\Pipeline\\{closure}()
#19 /home/mohammed-ouais/project-Huma-volve-Laravel/grocery-training-project-round-2/vendor/laravel/framework/src/Illuminate/Pipeline/Pipeline.php(183): Illuminate\\Cookie\\Middleware\\AddQueuedCookiesToResponse->handle()
#20 /home/mohammed-ouais/project-Huma-volve-Laravel/grocery-training-project-round-2/vendor/laravel/framework/src/Illuminate/Cookie/Middleware/EncryptCookies.php(67): Illuminate\\Pipeline\\Pipeline->Illuminate\\Pipeline\\{closure}()
#21 /home/mohammed-ouais/project-Huma-volve-Laravel/grocery-training-project-round-2/vendor/laravel/framework/src/Illuminate/Pipeline/Pipeline.php(183): Illuminate\\Cookie\\Middleware\\EncryptCookies->handle()
#22 /home/mohammed-ouais/project-Huma-volve-Laravel/grocery-training-project-round-2/vendor/laravel/framework/src/Illuminate/Pipeline/Pipeline.php(119): Illuminate\\Pipeline\\Pipeline->Illuminate\\Pipeline\\{closure}()
#23 /home/mohammed-ouais/project-Huma-volve-Laravel/grocery-training-project-round-2/vendor/laravel/framework/src/Illuminate/Routing/Router.php(805): Illuminate\\Pipeline\\Pipeline->then()
#24 /home/mohammed-ouais/project-Huma-volve-Laravel/grocery-training-project-round-2/vendor/laravel/framework/src/Illuminate/Routing/Router.php(784): Illuminate\\Routing\\Router->runRouteWithinStack()
#25 /home/mohammed-ouais/project-Huma-volve-Laravel/grocery-training-project-round-2/vendor/laravel/framework/src/Illuminate/Routing/Router.php(748): Illuminate\\Routing\\Router->runRoute()
#26 /home/mohammed-ouais/project-Huma-volve-Laravel/grocery-training-project-round-2/vendor/laravel/framework/src/Illuminate/Routing/Router.php(737): Illuminate\\Routing\\Router->dispatchToRoute()
#27 /home/mohammed-ouais/project-Huma-volve-Laravel/grocery-training-project-round-2/vendor/laravel/framework/src/Illuminate/Foundation/Http/Kernel.php(200): Illuminate\\Routing\\Router->dispatch()
#28 /home/mohammed-ouais/project-Huma-volve-Laravel/grocery-training-project-round-2/vendor/laravel/framework/src/Illuminate/Pipeline/Pipeline.php(144): Illuminate\\Foundation\\Http\\Kernel->Illuminate\\Foundation\\Http\\{closure}()
#29 /home/mohammed-ouais/project-Huma-volve-Laravel/grocery-training-project-round-2/vendor/livewire/livewire/src/Features/SupportDisablingBackButtonCache/DisableBackButtonCacheMiddleware.php(19): Illuminate\\Pipeline\\Pipeline->Illuminate\\Pipeline\\{closure}()
#30 /home/mohammed-ouais/project-Huma-volve-Laravel/grocery-training-project-round-2/vendor/laravel/framework/src/Illuminate/Pipeline/Pipeline.php(183): Livewire\\Features\\SupportDisablingBackButtonCache\\DisableBackButtonCacheMiddleware->handle()
#31 /home/mohammed-ouais/project-Huma-volve-Laravel/grocery-training-project-round-2/vendor/laravel/framework/src/Illuminate/Foundation/Http/Middleware/TransformsRequest.php(21): Illuminate\\Pipeline\\Pipeline->Illuminate\\Pipeline\\{closure}()
#32 /home/mohammed-ouais/project-Huma-volve-Laravel/grocery-training-project-round-2/vendor/laravel/framework/src/Illuminate/Foundation/Http/Middleware/ConvertEmptyStringsToNull.php(31): Illuminate\\Foundation\\Http\\Middleware\\TransformsRequest->handle()
#33 /home/mohammed-ouais/project-Huma-volve-Laravel/grocery-training-project-round-2/vendor/laravel/framework/src/Illuminate/Pipeline/Pipeline.php(183): Illuminate\\Foundation\\Http\\Middleware\\ConvertEmptyStringsToNull->handle()
#34 /home/mohammed-ouais/project-Huma-volve-Laravel/grocery-training-project-round-2/vendor/laravel/framework/src/Illuminate/Foundation/Http/Middleware/TransformsRequest.php(21): Illuminate\\Pipeline\\Pipeline->Illuminate\\Pipeline\\{closure}()
#35 /home/mohammed-ouais/project-Huma-volve-Laravel/grocery-training-project-round-2/vendor/laravel/framework/src/Illuminate/Foundation/Http/Middleware/TrimStrings.php(40): Illuminate\\Foundation\\Http\\Middleware\\TransformsRequest->handle()
#36 /home/mohammed-ouais/project-Huma-volve-Laravel/grocery-training-project-round-2/vendor/laravel/framework/src/Illuminate/Pipeline/Pipeline.php(183): Illuminate\\Foundation\\Http\\Middleware\\TrimStrings->handle()
#37 /home/mohammed-ouais/project-Huma-volve-Laravel/grocery-training-project-round-2/vendor/laravel/framework/src/Illuminate/Foundation/Http/Middleware/ValidatePostSize.php(27): Illuminate\\Pipeline\\Pipeline->Illuminate\\Pipeline\\{closure}()
#38 /home/mohammed-ouais/project-Huma-volve-Laravel/grocery-training-project-round-2/vendor/laravel/framework/src/Illuminate/Pipeline/Pipeline.php(183): Illuminate\\Foundation\\Http\\Middleware\\ValidatePostSize->handle()
#39 /home/mohammed-ouais/project-Huma-volve-Laravel/grocery-training-project-round-2/vendor/laravel/framework/src/Illuminate/Foundation/Http/Middleware/PreventRequestsDuringMaintenance.php(99): Illuminate\\Pipeline\\Pipeline->Illuminate\\Pipeline\\{closure}()
#40 /home/mohammed-ouais/project-Huma-volve-Laravel/grocery-training-project-round-2/vendor/laravel/framework/src/Illuminate/Pipeline/Pipeline.php(183): Illuminate\\Foundation\\Http\\Middleware\\PreventRequestsDuringMaintenance->handle()
#41 /home/mohammed-ouais/project-Huma-volve-Laravel/grocery-training-project-round-2/vendor/laravel/framework/src/Illuminate/Http/Middleware/HandleCors.php(49): Illuminate\\Pipeline\\Pipeline->Illuminate\\Pipeline\\{closure}()
#42 /home/mohammed-ouais/project-Huma-volve-Laravel/grocery-training-project-round-2/vendor/laravel/framework/src/Illuminate/Pipeline/Pipeline.php(183): Illuminate\\Http\\Middleware\\HandleCors->handle()
#43 /home/mohammed-ouais/project-Huma-volve-Laravel/grocery-training-project-round-2/vendor/laravel/framework/src/Illuminate/Http/Middleware/TrustProxies.php(39): Illuminate\\Pipeline\\Pipeline->Illuminate\\Pipeline\\{closure}()
#44 /home/mohammed-ouais/project-Huma-volve-Laravel/grocery-training-project-round-2/vendor/laravel/framework/src/Illuminate/Pipeline/Pipeline.php(183): Illuminate\\Http\\Middleware\\TrustProxies->handle()
#45 /home/mohammed-ouais/project-Huma-volve-Laravel/grocery-training-project-round-2/vendor/laravel/framework/src/Illuminate/Pipeline/Pipeline.php(119): Illuminate\\Pipeline\\Pipeline->Illuminate\\Pipeline\\{closure}()
#46 /home/mohammed-ouais/project-Huma-volve-Laravel/grocery-training-project-round-2/vendor/laravel/framework/src/Illuminate/Foundation/Http/Kernel.php(175): Illuminate\\Pipeline\\Pipeline->then()
#47 /home/mohammed-ouais/project-Huma-volve-Laravel/grocery-training-project-round-2/vendor/laravel/framework/src/Illuminate/Foundation/Http/Kernel.php(144): Illuminate\\Foundation\\Http\\Kernel->sendRequestThroughRouter()
#48 /home/mohammed-ouais/project-Huma-volve-Laravel/grocery-training-project-round-2/public/index.php(51): Illuminate\\Foundation\\Http\\Kernel->handle()
#49 /home/mohammed-ouais/project-Huma-volve-Laravel/grocery-training-project-round-2/vendor/laravel/framework/src/Illuminate/Foundation/resources/server.php(16): require_once('...')
#50 {main}

[previous exception] [object] (ReflectionException(code: -1): Class \"App\\Http\\Controllers\\Admin\\AdminAuthController\" does not exist at /home/mohammed-ouais/project-Huma-volve-Laravel/grocery-training-project-round-2/vendor/laravel/framework/src/Illuminate/Container/Container.php:912)
[stacktrace]
#0 /home/mohammed-ouais/project-Huma-volve-Laravel/grocery-training-project-round-2/vendor/laravel/framework/src/Illuminate/Container/Container.php(912): ReflectionClass->__construct()
#1 /home/mohammed-ouais/project-Huma-volve-Laravel/grocery-training-project-round-2/vendor/laravel/framework/src/Illuminate/Container/Container.php(795): Illuminate\\Container\\Container->build()
#2 /home/mohammed-ouais/project-Huma-volve-Laravel/grocery-training-project-round-2/vendor/laravel/framework/src/Illuminate/Foundation/Application.php(986): Illuminate\\Container\\Container->resolve()
#3 /home/mohammed-ouais/project-Huma-volve-Laravel/grocery-training-project-round-2/vendor/laravel/framework/src/Illuminate/Container/Container.php(731): Illuminate\\Foundation\\Application->resolve()
#4 /home/mohammed-ouais/project-Huma-volve-Laravel/grocery-training-project-round-2/vendor/laravel/framework/src/Illuminate/Foundation/Application.php(971): Illuminate\\Container\\Container->make()
#5 /home/mohammed-ouais/project-Huma-volve-Laravel/grocery-training-project-round-2/vendor/laravel/framework/src/Illuminate/Routing/Route.php(278): Illuminate\\Foundation\\Application->make()
#6 /home/mohammed-ouais/project-Huma-volve-Laravel/grocery-training-project-round-2/vendor/laravel/framework/src/Illuminate/Routing/Route.php(260): Illuminate\\Routing\\Route->getController()
#7 /home/mohammed-ouais/project-Huma-volve-Laravel/grocery-training-project-round-2/vendor/laravel/framework/src/Illuminate/Routing/Route.php(205): Illuminate\\Routing\\Route->runController()
#8 /home/mohammed-ouais/project-Huma-volve-Laravel/grocery-training-project-round-2/vendor/laravel/framework/src/Illuminate/Routing/Router.php(806): Illuminate\\Routing\\Route->run()
#9 /home/mohammed-ouais/project-Huma-volve-Laravel/grocery-training-project-round-2/vendor/laravel/framework/src/Illuminate/Pipeline/Pipeline.php(144): Illuminate\\Routing\\Router->Illuminate\\Routing\\{closure}()
#10 /home/mohammed-ouais/project-Huma-volve-Laravel/grocery-training-project-round-2/vendor/laravel/framework/src/Illuminate/Routing/Middleware/SubstituteBindings.php(50): Illuminate\\Pipeline\\Pipeline->Illuminate\\Pipeline\\{closure}()
#11 /home/mohammed-ouais/project-Huma-volve-Laravel/grocery-training-project-round-2/vendor/laravel/framework/src/Illuminate/Pipeline/Pipeline.php(183): Illuminate\\Routing\\Middleware\\SubstituteBindings->handle()
#12 /home/mohammed-ouais/project-Huma-volve-Laravel/grocery-training-project-round-2/vendor/laravel/framework/src/Illuminate/Foundation/Http/Middleware/VerifyCsrfToken.php(78): Illuminate\\Pipeline\\Pipeline->Illuminate\\Pipeline\\{closure}()
#13 /home/mohammed-ouais/project-Huma-volve-Laravel/grocery-training-project-round-2/vendor/laravel/framework/src/Illuminate/Pipeline/Pipeline.php(183): Illuminate\\Foundation\\Http\\Middleware\\VerifyCsrfToken->handle()
#14 /home/mohammed-ouais/project-Huma-volve-Laravel/grocery-training-project-round-2/vendor/laravel/framework/src/Illuminate/View/Middleware/ShareErrorsFromSession.php(49): Illuminate\\Pipeline\\Pipeline->Illuminate\\Pipeline\\{closure}()
#15 /home/mohammed-ouais/project-Huma-volve-Laravel/grocery-training-project-round-2/vendor/laravel/framework/src/Illuminate/Pipeline/Pipeline.php(183): Illuminate\\View\\Middleware\\ShareErrorsFromSession->handle()
#16 /home/mohammed-ouais/project-Huma-volve-Laravel/grocery-training-project-round-2/vendor/laravel/framework/src/Illuminate/Session/Middleware/StartSession.php(121): Illuminate\\Pipeline\\Pipeline->Illuminate\\Pipeline\\{closure}()
#17 /home/mohammed-ouais/project-Huma-volve-Laravel/grocery-training-project-round-2/vendor/laravel/framework/src/Illuminate/Session/Middleware/StartSession.php(64): Illuminate\\Session\\Middleware\\StartSession->handleStatefulRequest()
#18 /home/mohammed-ouais/project-Huma-volve-Laravel/grocery-training-project-round-2/vendor/laravel/framework/src/Illuminate/Pipeline/Pipeline.php(183): Illuminate\\Session\\Middleware\\StartSession->handle()
#19 /home/mohammed-ouais/project-Huma-volve-Laravel/grocery-training-project-round-2/vendor/laravel/framework/src/Illuminate/Cookie/Middleware/AddQueuedCookiesToResponse.php(37): Illuminate\\Pipeline\\Pipeline->Illuminate\\Pipeline\\{closure}()
#20 /home/mohammed-ouais/project-Huma-volve-Laravel/grocery-training-project-round-2/vendor/laravel/framework/src/Illuminate/Pipeline/Pipeline.php(183): Illuminate\\Cookie\\Middleware\\AddQueuedCookiesToResponse->handle()
#21 /home/mohammed-ouais/project-Huma-volve-Laravel/grocery-training-project-round-2/vendor/laravel/framework/src/Illuminate/Cookie/Middleware/EncryptCookies.php(67): Illuminate\\Pipeline\\Pipeline->Illuminate\\Pipeline\\{closure}()
#22 /home/mohammed-ouais/project-Huma-volve-Laravel/grocery-training-project-round-2/vendor/laravel/framework/src/Illuminate/Pipeline/Pipeline.php(183): Illuminate\\Cookie\\Middleware\\EncryptCookies->handle()
#23 /home/mohammed-ouais/project-Huma-volve-Laravel/grocery-training-project-round-2/vendor/laravel/framework/src/Illuminate/Pipeline/Pipeline.php(119): Illuminate\\Pipeline\\Pipeline->Illuminate\\Pipeline\\{closure}()
#24 /home/mohammed-ouais/project-Huma-volve-Laravel/grocery-training-project-round-2/vendor/laravel/framework/src/Illuminate/Routing/Router.php(805): Illuminate\\Pipeline\\Pipeline->then()
#25 /home/mohammed-ouais/project-Huma-volve-Laravel/grocery-training-project-round-2/vendor/laravel/framework/src/Illuminate/Routing/Router.php(784): Illuminate\\Routing\\Router->runRouteWithinStack()
#26 /home/mohammed-ouais/project-Huma-volve-Laravel/grocery-training-project-round-2/vendor/laravel/framework/src/Illuminate/Routing/Router.php(748): Illuminate\\Routing\\Router->runRoute()
#27 /home/mohammed-ouais/project-Huma-volve-Laravel/grocery-training-project-round-2/vendor/laravel/framework/src/Illuminate/Routing/Router.php(737): Illuminate\\Routing\\Router->dispatchToRoute()
#28 /home/mohammed-ouais/project-Huma-volve-Laravel/grocery-training-project-round-2/vendor/laravel/framework/src/Illuminate/Foundation/Http/Kernel.php(200): Illuminate\\Routing\\Router->dispatch()
#29 /home/mohammed-ouais/project-Huma-volve-Laravel/grocery-training-project-round-2/vendor/laravel/framework/src/Illuminate/Pipeline/Pipeline.php(144): Illuminate\\Foundation\\Http\\Kernel->Illuminate\\Foundation\\Http\\{closure}()
#30 /home/mohammed-ouais/project-Huma-volve-Laravel/grocery-training-project-round-2/vendor/livewire/livewire/src/Features/SupportDisablingBackButtonCache/DisableBackButtonCacheMiddleware.php(19): Illuminate\\Pipeline\\Pipeline->Illuminate\\Pipeline\\{closure}()
#31 /home/mohammed-ouais/project-Huma-volve-Laravel/grocery-training-project-round-2/vendor/laravel/framework/src/Illuminate/Pipeline/Pipeline.php(183): Livewire\\Features\\SupportDisablingBackButtonCache\\DisableBackButtonCacheMiddleware->handle()
#32 /home/mohammed-ouais/project-Huma-volve-Laravel/grocery-training-project-round-2/vendor/laravel/framework/src/Illuminate/Foundation/Http/Middleware/TransformsRequest.php(21): Illuminate\\Pipeline\\Pipeline->Illuminate\\Pipeline\\{closure}()
#33 /home/mohammed-ouais/project-Huma-volve-Laravel/grocery-training-project-round-2/vendor/laravel/framework/src/Illuminate/Foundation/Http/Middleware/ConvertEmptyStringsToNull.php(31): Illuminate\\Foundation\\Http\\Middleware\\TransformsRequest->handle()
#34 /home/mohammed-ouais/project-Huma-volve-Laravel/grocery-training-project-round-2/vendor/laravel/framework/src/Illuminate/Pipeline/Pipeline.php(183): Illuminate\\Foundation\\Http\\Middleware\\ConvertEmptyStringsToNull->handle()
#35 /home/mohammed-ouais/project-Huma-volve-Laravel/grocery-training-project-round-2/vendor/laravel/framework/src/Illuminate/Foundation/Http/Middleware/TransformsRequest.php(21): Illuminate\\Pipeline\\Pipeline->Illuminate\\Pipeline\\{closure}()
#36 /home/mohammed-ouais/project-Huma-volve-Laravel/grocery-training-project-round-2/vendor/laravel/framework/src/Illuminate/Foundation/Http/Middleware/TrimStrings.php(40): Illuminate\\Foundation\\Http\\Middleware\\TransformsRequest->handle()
#37 /home/mohammed-ouais/project-Huma-volve-Laravel/grocery-training-project-round-2/vendor/laravel/framework/src/Illuminate/Pipeline/Pipeline.php(183): Illuminate\\Foundation\\Http\\Middleware\\TrimStrings->handle()
#38 /home/mohammed-ouais/project-Huma-volve-Laravel/grocery-training-project-round-2/vendor/laravel/framework/src/Illuminate/Foundation/Http/Middleware/ValidatePostSize.php(27): Illuminate\\Pipeline\\Pipeline->Illuminate\\Pipeline\\{closure}()
#39 /home/mohammed-ouais/project-Huma-volve-Laravel/grocery-training-project-round-2/vendor/laravel/framework/src/Illuminate/Pipeline/Pipeline.php(183): Illuminate\\Foundation\\Http\\Middleware\\ValidatePostSize->handle()
#40 /home/mohammed-ouais/project-Huma-volve-Laravel/grocery-training-project-round-2/vendor/laravel/framework/src/Illuminate/Foundation/Http/Middleware/PreventRequestsDuringMaintenance.php(99): Illuminate\\Pipeline\\Pipeline->Illuminate\\Pipeline\\{closure}()
#41 /home/mohammed-ouais/project-Huma-volve-Laravel/grocery-training-project-round-2/vendor/laravel/framework/src/Illuminate/Pipeline/Pipeline.php(183): Illuminate\\Foundation\\Http\\Middleware\\PreventRequestsDuringMaintenance->handle()
#42 /home/mohammed-ouais/project-Huma-volve-Laravel/grocery-training-project-round-2/vendor/laravel/framework/src/Illuminate/Http/Middleware/HandleCors.php(49): Illuminate\\Pipeline\\Pipeline->Illuminate\\Pipeline\\{closure}()
#43 /home/mohammed-ouais/project-Huma-volve-Laravel/grocery-training-project-round-2/vendor/laravel/framework/src/Illuminate/Pipeline/Pipeline.php(183): Illuminate\\Http\\Middleware\\HandleCors->handle()
#44 /home/mohammed-ouais/project-Huma-volve-Laravel/grocery-training-project-round-2/vendor/laravel/framework/src/Illuminate/Http/Middleware/TrustProxies.php(39): Illuminate\\Pipeline\\Pipeline->Illuminate\\Pipeline\\{closure}()
#45 /home/mohammed-ouais/project-Huma-volve-Laravel/grocery-training-project-round-2/vendor/laravel/framework/src/Illuminate/Pipeline/Pipeline.php(183): Illuminate\\Http\\Middleware\\TrustProxies->handle()
#46 /home/mohammed-ouais/project-Huma-volve-Laravel/grocery-training-project-round-2/vendor/laravel/framework/src/Illuminate/Pipeline/Pipeline.php(119): Illuminate\\Pipeline\\Pipeline->Illuminate\\Pipeline\\{closure}()
#47 /home/mohammed-ouais/project-Huma-volve-Laravel/grocery-training-project-round-2/vendor/laravel/framework/src/Illuminate/Foundation/Http/Kernel.php(175): Illuminate\\Pipeline\\Pipeline->then()
#48 /home/mohammed-ouais/project-Huma-volve-Laravel/grocery-training-project-round-2/vendor/laravel/framework/src/Illuminate/Foundation/Http/Kernel.php(144): Illuminate\\Foundation\\Http\\Kernel->sendRequestThroughRouter()
#49 /home/mohammed-ouais/project-Huma-volve-Laravel/grocery-training-project-round-2/public/index.php(51): Illuminate\\Foundation\\Http\\Kernel->handle()
#50 /home/mohammed-ouais/project-Huma-volve-Laravel/grocery-training-project-round-2/vendor/laravel/framework/src/Illuminate/Foundation/resources/server.php(16): require_once('...')
#51 {main}
"} 
[2026-08-07 07:09:21] local.ERROR: Target class [admin] does not exist. {"userId":2,"exception":"[object] (Illuminate\\Contracts\\Container\\BindingResolutionException(code: 0): Target class [admin] does not exist. at /home/mohammed-ouais/project-Huma-volve-Laravel/grocery-training-project-round-2/vendor/laravel/framework/src/Illuminate/Container/Container.php:914)
[stacktrace]
#0 /home/mohammed-ouais/project-Huma-volve-Laravel/grocery-training-project-round-2/vendor/laravel/framework/src/Illuminate/Container/Container.php(795): Illuminate\\Container\\Container->build()
#1 /home/mohammed-ouais/project-Huma-volve-Laravel/grocery-training-project-round-2/vendor/laravel/framework/src/Illuminate/Foundation/Application.php(986): Illuminate\\Container\\Container->resolve()
#2 /home/mohammed-ouais/project-Huma-volve-Laravel/grocery-training-project-round-2/vendor/laravel/framework/src/Illuminate/Container/Container.php(731): Illuminate\\Foundation\\Application->resolve()
#3 /home/mohammed-ouais/project-Huma-volve-Laravel/grocery-training-project-round-2/vendor/laravel/framework/src/Illuminate/Foundation/Application.php(971): Illuminate\\Container\\Container->make()
#4 /home/mohammed-ouais/project-Huma-volve-Laravel/grocery-training-project-round-2/vendor/laravel/framework/src/Illuminate/Pipeline/Pipeline.php(172): Illuminate\\Foundation\\Application->make()
#5 /home/mohammed-ouais/project-Huma-volve-Laravel/grocery-training-project-round-2/vendor/laravel/framework/src/Illuminate/Routing/Middleware/SubstituteBindings.php(50): Illuminate\\Pipeline\\Pipeline->Illuminate\\Pipeline\\{closure}()
#6 /home/mohammed-ouais/project-Huma-volve-Laravel/grocery-training-project-round-2/vendor/laravel/framework/src/Illuminate/Pipeline/Pipeline.php(183): Illuminate\\Routing\\Middleware\\SubstituteBindings->handle()
#7 /home/mohammed-ouais/project-Huma-volve-Laravel/grocery-training-project-round-2/vendor/laravel/framework/src/Illuminate/Auth/Middleware/Authenticate.php(57): Illuminate\\Pipeline\\Pipeline->Illuminate\\Pipeline\\{closure}()
#8 /home/mohammed-ouais/project-Huma-volve-Laravel/grocery-training-project-round-2/vendor/laravel/framework/src/Illuminate/Pipeline/Pipeline.php(183): Illuminate\\Auth\\Middleware\\Authenticate->handle()
#9 /home/mohammed-ouais/project-Huma-volve-Laravel/grocery-training-project-round-2/vendor/laravel/framework/src/Illuminate/Foundation/Http/Middleware/VerifyCsrfToken.php(78): Illuminate\\Pipeline\\Pipeline->Illuminate\\Pipeline\\{closure}()
#10 /home/mohammed-ouais/project-Huma-volve-Laravel/grocery-training-project-round-2/vendor/laravel/framework/src/Illuminate/Pipeline/Pipeline.php(183): Illuminate\\Foundation\\Http\\Middleware\\VerifyCsrfToken->handle()
#11 /home/mohammed-ouais/project-Huma-volve-Laravel/grocery-training-project-round-2/vendor/laravel/framework/src/Illuminate/View/Middleware/ShareErrorsFromSession.php(49): Illuminate\\Pipeline\\Pipeline->Illuminate\\Pipeline\\{closure}()
#12 /home/mohammed-ouais/project-Huma-volve-Laravel/grocery-training-project-round-2/vendor/laravel/framework/src/Illuminate/Pipeline/Pipeline.php(183): Illuminate\\View\\Middleware\\ShareErrorsFromSession->handle()
#13 /home/mohammed-ouais/project-Huma-volve-Laravel/grocery-training-project-round-2/vendor/laravel/framework/src/Illuminate/Session/Middleware/StartSession.php(121): Illuminate\\Pipeline\\Pipeline->Illuminate\\Pipeline\\{closure}()
#14 /home/mohammed-ouais/project-Huma-volve-Laravel/grocery-training-project-round-2/vendor/laravel/framework/src/Illuminate/Session/Middleware/StartSession.php(64): Illuminate\\Session\\Middleware\\StartSession->handleStatefulRequest()
#15 /home/mohammed-ouais/project-Huma-volve-Laravel/grocery-training-project-round-2/vendor/laravel/framework/src/Illuminate/Pipeline/Pipeline.php(183): Illuminate\\Session\\Middleware\\StartSession->handle()
#16 /home/mohammed-ouais/project-Huma-volve-Laravel/grocery-training-project-round-2/vendor/laravel/framework/src/Illuminate/Cookie/Middleware/AddQueuedCookiesToResponse.php(37): Illuminate\\Pipeline\\Pipeline->Illuminate\\Pipeline\\{closure}()
#17 /home/mohammed-ouais/project-Huma-volve-Laravel/grocery-training-project-round-2/vendor/laravel/framework/src/Illuminate/Pipeline/Pipeline.php(183): Illuminate\\Cookie\\Middleware\\AddQueuedCookiesToResponse->handle()
#18 /home/mohammed-ouais/project-Huma-volve-Laravel/grocery-training-project-round-2/vendor/laravel/framework/src/Illuminate/Cookie/Middleware/EncryptCookies.php(67): Illuminate\\Pipeline\\Pipeline->Illuminate\\Pipeline\\{closure}()
#19 /home/mohammed-ouais/project-Huma-volve-Laravel/grocery-training-project-round-2/vendor/laravel/framework/src/Illuminate/Pipeline/Pipeline.php(183): Illuminate\\Cookie\\Middleware\\EncryptCookies->handle()
#20 /home/mohammed-ouais/project-Huma-volve-Laravel/grocery-training-project-round-2/vendor/laravel/framework/src/Illuminate/Pipeline/Pipeline.php(119): Illuminate\\Pipeline\\Pipeline->Illuminate\\Pipeline\\{closure}()
#21 /home/mohammed-ouais/project-Huma-volve-Laravel/grocery-training-project-round-2/vendor/laravel/framework/src/Illuminate/Routing/Router.php(805): Illuminate\\Pipeline\\Pipeline->then()
#22 /home/mohammed-ouais/project-Huma-volve-Laravel/grocery-training-project-round-2/vendor/laravel/framework/src/Illuminate/Routing/Router.php(784): Illuminate\\Routing\\Router->runRouteWithinStack()
#23 /home/mohammed-ouais/project-Huma-volve-Laravel/grocery-training-project-round-2/vendor/laravel/framework/src/Illuminate/Routing/Router.php(748): Illuminate\\Routing\\Router->runRoute()
#24 /home/mohammed-ouais/project-Huma-volve-Laravel/grocery-training-project-round-2/vendor/laravel/framework/src/Illuminate/Routing/Router.php(737): Illuminate\\Routing\\Router->dispatchToRoute()
#25 /home/mohammed-ouais/project-Huma-volve-Laravel/grocery-training-project-round-2/vendor/laravel/framework/src/Illuminate/Foundation/Http/Kernel.php(200): Illuminate\\Routing\\Router->dispatch()
#26 /home/mohammed-ouais/project-Huma-volve-Laravel/grocery-training-project-round-2/vendor/laravel/framework/src/Illuminate/Pipeline/Pipeline.php(144): Illuminate\\Foundation\\Http\\Kernel->Illuminate\\Foundation\\Http\\{closure}()
#27 /home/mohammed-ouais/project-Huma-volve-Laravel/grocery-training-project-round-2/vendor/livewire/livewire/src/Features/SupportDisablingBackButtonCache/DisableBackButtonCacheMiddleware.php(19): Illuminate\\Pipeline\\Pipeline->Illuminate\\Pipeline\\{closure}()
#28 /home/mohammed-ouais/project-Huma-volve-Laravel/grocery-training-project-round-2/vendor/laravel/framework/src/Illuminate/Pipeline/Pipeline.php(183): Livewire\\Features\\SupportDisablingBackButtonCache\\DisableBackButtonCacheMiddleware->handle()
#29 /home/mohammed-ouais/project-Huma-volve-Laravel/grocery-training-project-round-2/vendor/laravel/framework/src/Illuminate/Foundation/Http/Middleware/TransformsRequest.php(21): Illuminate\\Pipeline\\Pipeline->Illuminate\\Pipeline\\{closure}()
#30 /home/mohammed-ouais/project-Huma-volve-Laravel/grocery-training-project-round-2/vendor/laravel/framework/src/Illuminate/Foundation/Http/Middleware/ConvertEmptyStringsToNull.php(31): Illuminate\\Foundation\\Http\\Middleware\\TransformsRequest->handle()
#31 /home/mohammed-ouais/project-Huma-volve-Laravel/grocery-training-project-round-2/vendor/laravel/framework/src/Illuminate/Pipeline/Pipeline.php(183): Illuminate\\Foundation\\Http\\Middleware\\ConvertEmptyStringsToNull->handle()
#32 /home/mohammed-ouais/project-Huma-volve-Laravel/grocery-training-project-round-2/vendor/laravel/framework/src/Illuminate/Foundation/Http/Middleware/TransformsRequest.php(21): Illuminate\\Pipeline\\Pipeline->Illuminate\\Pipeline\\{closure}()
#33 /home/mohammed-ouais/project-Huma-volve-Laravel/grocery-training-project-round-2/vendor/laravel/framework/src/Illuminate/Foundation/Http/Middleware/TrimStrings.php(40): Illuminate\\Foundation\\Http\\Middleware\\TransformsRequest->handle()
#34 /home/mohammed-ouais/project-Huma-volve-Laravel/grocery-training-project-round-2/vendor/laravel/framework/src/Illuminate/Pipeline/Pipeline.php(183): Illuminate\\Foundation\\Http\\Middleware\\TrimStrings->handle()
#35 /home/mohammed-ouais/project-Huma-volve-Laravel/grocery-training-project-round-2/vendor/laravel/framework/src/Illuminate/Foundation/Http/Middleware/ValidatePostSize.php(27): Illuminate\\Pipeline\\Pipeline->Illuminate\\Pipeline\\{closure}()
#36 /home/mohammed-ouais/project-Huma-volve-Laravel/grocery-training-project-round-2/vendor/laravel/framework/src/Illuminate/Pipeline/Pipeline.php(183): Illuminate\\Foundation\\Http\\Middleware\\ValidatePostSize->handle()
#37 /home/mohammed-ouais/project-Huma-volve-Laravel/grocery-training-project-round-2/vendor/laravel/framework/src/Illuminate/Foundation/Http/Middleware/PreventRequestsDuringMaintenance.php(99): Illuminate\\Pipeline\\Pipeline->Illuminate\\Pipeline\\{closure}()
#38 /home/mohammed-ouais/project-Huma-volve-Laravel/grocery-training-project-round-2/vendor/laravel/framework/src/Illuminate/Pipeline/Pipeline.php(183): Illuminate\\Foundation\\Http\\Middleware\\PreventRequestsDuringMaintenance->handle()
#39 /home/mohammed-ouais/project-Huma-volve-Laravel/grocery-training-project-round-2/vendor/laravel/framework/src/Illuminate/Http/Middleware/HandleCors.php(49): Illuminate\\Pipeline\\Pipeline->Illuminate\\Pipeline\\{closure}()
#40 /home/mohammed-ouais/project-Huma-volve-Laravel/grocery-training-project-round-2/vendor/laravel/framework/src/Illuminate/Pipeline/Pipeline.php(183): Illuminate\\Http\\Middleware\\HandleCors->handle()
#41 /home/mohammed-ouais/project-Huma-volve-Laravel/grocery-training-project-round-2/vendor/laravel/framework/src/Illuminate/Http/Middleware/TrustProxies.php(39): Illuminate\\Pipeline\\Pipeline->Illuminate\\Pipeline\\{closure}()
#42 /home/mohammed-ouais/project-Huma-volve-Laravel/grocery-training-project-round-2/vendor/laravel/framework/src/Illuminate/Pipeline/Pipeline.php(183): Illuminate\\Http\\Middleware\\TrustProxies->handle()
#43 /home/mohammed-ouais/project-Huma-volve-Laravel/grocery-training-project-round-2/vendor/laravel/framework/src/Illuminate/Pipeline/Pipeline.php(119): Illuminate\\Pipeline\\Pipeline->Illuminate\\Pipeline\\{closure}()
#44 /home/mohammed-ouais/project-Huma-volve-Laravel/grocery-training-project-round-2/vendor/laravel/framework/src/Illuminate/Foundation/Http/Kernel.php(175): Illuminate\\Pipeline\\Pipeline->then()
#45 /home/mohammed-ouais/project-Huma-volve-Laravel/grocery-training-project-round-2/vendor/laravel/framework/src/Illuminate/Foundation/Http/Kernel.php(144): Illuminate\\Foundation\\Http\\Kernel->sendRequestThroughRouter()
#46 /home/mohammed-ouais/project-Huma-volve-Laravel/grocery-training-project-round-2/public/index.php(51): Illuminate\\Foundation\\Http\\Kernel->handle()
#47 /home/mohammed-ouais/project-Huma-volve-Laravel/grocery-training-project-round-2/vendor/laravel/framework/src/Illuminate/Foundation/resources/server.php(16): require_once('...')
#48 {main}

[previous exception] [object] (ReflectionException(code: -1): Class \"admin\" does not exist at /home/mohammed-ouais/project-Huma-volve-Laravel/grocery-training-project-round-2/vendor/laravel/framework/src/Illuminate/Container/Container.php:912)
[stacktrace]
#0 /home/mohammed-ouais/project-Huma-volve-Laravel/grocery-training-project-round-2/vendor/laravel/framework/src/Illuminate/Container/Container.php(912): ReflectionClass->__construct()
#1 /home/mohammed-ouais/project-Huma-volve-Laravel/grocery-training-project-round-2/vendor/laravel/framework/src/Illuminate/Container/Container.php(795): Illuminate\\Container\\Container->build()
#2 /home/mohammed-ouais/project-Huma-volve-Laravel/grocery-training-project-round-2/vendor/laravel/framework/src/Illuminate/Foundation/Application.php(986): Illuminate\\Container\\Container->resolve()
#3 /home/mohammed-ouais/project-Huma-volve-Laravel/grocery-training-project-round-2/vendor/laravel/framework/src/Illuminate/Container/Container.php(731): Illuminate\\Foundation\\Application->resolve()
#4 /home/mohammed-ouais/project-Huma-volve-Laravel/grocery-training-project-round-2/vendor/laravel/framework/src/Illuminate/Foundation/Application.php(971): Illuminate\\Container\\Container->make()
#5 /home/mohammed-ouais/project-Huma-volve-Laravel/grocery-training-project-round-2/vendor/laravel/framework/src/Illuminate/Pipeline/Pipeline.php(172): Illuminate\\Foundation\\Application->make()
#6 /home/mohammed-ouais/project-Huma-volve-Laravel/grocery-training-project-round-2/vendor/laravel/framework/src/Illuminate/Routing/Middleware/SubstituteBindings.php(50): Illuminate\\Pipeline\\Pipeline->Illuminate\\Pipeline\\{closure}()
#7 /home/mohammed-ouais/project-Huma-volve-Laravel/grocery-training-project-round-2/vendor/laravel/framework/src/Illuminate/Pipeline/Pipeline.php(183): Illuminate\\Routing\\Middleware\\SubstituteBindings->handle()
#8 /home/mohammed-ouais/project-Huma-volve-Laravel/grocery-training-project-round-2/vendor/laravel/framework/src/Illuminate/Auth/Middleware/Authenticate.php(57): Illuminate\\Pipeline\\Pipeline->Illuminate\\Pipeline\\{closure}()
#9 /home/mohammed-ouais/project-Huma-volve-Laravel/grocery-training-project-round-2/vendor/laravel/framework/src/Illuminate/Pipeline/Pipeline.php(183): Illuminate\\Auth\\Middleware\\Authenticate->handle()
#10 /home/mohammed-ouais/project-Huma-volve-Laravel/grocery-training-project-round-2/vendor/laravel/framework/src/Illuminate/Foundation/Http/Middleware/VerifyCsrfToken.php(78): Illuminate\\Pipeline\\Pipeline->Illuminate\\Pipeline\\{closure}()
#11 /home/mohammed-ouais/project-Huma-volve-Laravel/grocery-training-project-round-2/vendor/laravel/framework/src/Illuminate/Pipeline/Pipeline.php(183): Illuminate\\Foundation\\Http\\Middleware\\VerifyCsrfToken->handle()
#12 /home/mohammed-ouais/project-Huma-volve-Laravel/grocery-training-project-round-2/vendor/laravel/framework/src/Illuminate/View/Middleware/ShareErrorsFromSession.php(49): Illuminate\\Pipeline\\Pipeline->Illuminate\\Pipeline\\{closure}()
#13 /home/mohammed-ouais/project-Huma-volve-Laravel/grocery-training-project-round-2/vendor/laravel/framework/src/Illuminate/Pipeline/Pipeline.php(183): Illuminate\\View\\Middleware\\ShareErrorsFromSession->handle()
#14 /home/mohammed-ouais/project-Huma-volve-Laravel/grocery-training-project-round-2/vendor/laravel/framework/src/Illuminate/Session/Middleware/StartSession.php(121): Illuminate\\Pipeline\\Pipeline->Illuminate\\Pipeline\\{closure}()
#15 /home/mohammed-ouais/project-Huma-volve-Laravel/grocery-training-project-round-2/vendor/laravel/framework/src/Illuminate/Session/Middleware/StartSession.php(64): Illuminate\\Session\\Middleware\\StartSession->handleStatefulRequest()
#16 /home/mohammed-ouais/project-Huma-volve-Laravel/grocery-training-project-round-2/vendor/laravel/framework/src/Illuminate/Pipeline/Pipeline.php(183): Illuminate\\Session\\Middleware\\StartSession->handle()
#17 /home/mohammed-ouais/project-Huma-volve-Laravel/grocery-training-project-round-2/vendor/laravel/framework/src/Illuminate/Cookie/Middleware/AddQueuedCookiesToResponse.php(37): Illuminate\\Pipeline\\Pipeline->Illuminate\\Pipeline\\{closure}()
#18 /home/mohammed-ouais/project-Huma-volve-Laravel/grocery-training-project-round-2/vendor/laravel/framework/src/Illuminate/Pipeline/Pipeline.php(183): Illuminate\\Cookie\\Middleware\\AddQueuedCookiesToResponse->handle()
#19 /home/mohammed-ouais/project-Huma-volve-Laravel/grocery-training-project-round-2/vendor/laravel/framework/src/Illuminate/Cookie/Middleware/EncryptCookies.php(67): Illuminate\\Pipeline\\Pipeline->Illuminate\\Pipeline\\{closure}()
#20 /home/mohammed-ouais/project-Huma-volve-Laravel/grocery-training-project-round-2/vendor/laravel/framework/src/Illuminate/Pipeline/Pipeline.php(183): Illuminate\\Cookie\\Middleware\\EncryptCookies->handle()
#21 /home/mohammed-ouais/project-Huma-volve-Laravel/grocery-training-project-round-2/vendor/laravel/framework/src/Illuminate/Pipeline/Pipeline.php(119): Illuminate\\Pipeline\\Pipeline->Illuminate\\Pipeline\\{closure}()
#22 /home/mohammed-ouais/project-Huma-volve-Laravel/grocery-training-project-round-2/vendor/laravel/framework/src/Illuminate/Routing/Router.php(805): Illuminate\\Pipeline\\Pipeline->then()
#23 /home/mohammed-ouais/project-Huma-volve-Laravel/grocery-training-project-round-2/vendor/laravel/framework/src/Illuminate/Routing/Router.php(784): Illuminate\\Routing\\Router->runRouteWithinStack()
#24 /home/mohammed-ouais/project-Huma-volve-Laravel/grocery-training-project-round-2/vendor/laravel/framework/src/Illuminate/Routing/Router.php(748): Illuminate\\Routing\\Router->runRoute()
#25 /home/mohammed-ouais/project-Huma-volve-Laravel/grocery-training-project-round-2/vendor/laravel/framework/src/Illuminate/Routing/Router.php(737): Illuminate\\Routing\\Router->dispatchToRoute()
#26 /home/mohammed-ouais/project-Huma-volve-Laravel/grocery-training-project-round-2/vendor/laravel/framework/src/Illuminate/Foundation/Http/Kernel.php(200): Illuminate\\Routing\\Router->dispatch()
#27 /home/mohammed-ouais/project-Huma-volve-Laravel/grocery-training-project-round-2/vendor/laravel/framework/src/Illuminate/Pipeline/Pipeline.php(144): Illuminate\\Foundation\\Http\\Kernel->Illuminate\\Foundation\\Http\\{closure}()
#28 /home/mohammed-ouais/project-Huma-volve-Laravel/grocery-training-project-round-2/vendor/livewire/livewire/src/Features/SupportDisablingBackButtonCache/DisableBackButtonCacheMiddleware.php(19): Illuminate\\Pipeline\\Pipeline->Illuminate\\Pipeline\\{closure}()
#29 /home/mohammed-ouais/project-Huma-volve-Laravel/grocery-training-project-round-2/vendor/laravel/framework/src/Illuminate/Pipeline/Pipeline.php(183): Livewire\\Features\\SupportDisablingBackButtonCache\\DisableBackButtonCacheMiddleware->handle()
#30 /home/mohammed-ouais/project-Huma-volve-Laravel/grocery-training-project-round-2/vendor/laravel/framework/src/Illuminate/Foundation/Http/Middleware/TransformsRequest.php(21): Illuminate\\Pipeline\\Pipeline->Illuminate\\Pipeline\\{closure}()
#31 /home/mohammed-ouais/project-Huma-volve-Laravel/grocery-training-project-round-2/vendor/laravel/framework/src/Illuminate/Foundation/Http/Middleware/ConvertEmptyStringsToNull.php(31): Illuminate\\Foundation\\Http\\Middleware\\TransformsRequest->handle()
#32 /home/mohammed-ouais/project-Huma-volve-Laravel/grocery-training-project-round-2/vendor/laravel/framework/src/Illuminate/Pipeline/Pipeline.php(183): Illuminate\\Foundation\\Http\\Middleware\\ConvertEmptyStringsToNull->handle()
#33 /home/mohammed-ouais/project-Huma-volve-Laravel/grocery-training-project-round-2/vendor/laravel/framework/src/Illuminate/Foundation/Http/Middleware/TransformsRequest.php(21): Illuminate\\Pipeline\\Pipeline->Illuminate\\Pipeline\\{closure}()
#34 /home/mohammed-ouais/project-Huma-volve-Laravel/grocery-training-project-round-2/vendor/laravel/framework/src/Illuminate/Foundation/Http/Middleware/TrimStrings.php(40): Illuminate\\Foundation\\Http\\Middleware\\TransformsRequest->handle()
#35 /home/mohammed-ouais/project-Huma-volve-Laravel/grocery-training-project-round-2/vendor/laravel/framework/src/Illuminate/Pipeline/Pipeline.php(183): Illuminate\\Foundation\\Http\\Middleware\\TrimStrings->handle()
#36 /home/mohammed-ouais/project-Huma-volve-Laravel/grocery-training-project-round-2/vendor/laravel/framework/src/Illuminate/Foundation/Http/Middleware/ValidatePostSize.php(27): Illuminate\\Pipeline\\Pipeline->Illuminate\\Pipeline\\{closure}()
#37 /home/mohammed-ouais/project-Huma-volve-Laravel/grocery-training-project-round-2/vendor/laravel/framework/src/Illuminate/Pipeline/Pipeline.php(183): Illuminate\\Foundation\\Http\\Middleware\\ValidatePostSize->handle()
#38 /home/mohammed-ouais/project-Huma-volve-Laravel/grocery-training-project-round-2/vendor/laravel/framework/src/Illuminate/Foundation/Http/Middleware/PreventRequestsDuringMaintenance.php(99): Illuminate\\Pipeline\\Pipeline->Illuminate\\Pipeline\\{closure}()
#39 /home/mohammed-ouais/project-Huma-volve-Laravel/grocery-training-project-round-2/vendor/laravel/framework/src/Illuminate/Pipeline/Pipeline.php(183): Illuminate\\Foundation\\Http\\Middleware\\PreventRequestsDuringMaintenance->handle()
#40 /home/mohammed-ouais/project-Huma-volve-Laravel/grocery-training-project-round-2/vendor/laravel/framework/src/Illuminate/Http/Middleware/HandleCors.php(49): Illuminate\\Pipeline\\Pipeline->Illuminate\\Pipeline\\{closure}()
#41 /home/mohammed-ouais/project-Huma-volve-Laravel/grocery-training-project-round-2/vendor/laravel/framework/src/Illuminate/Pipeline/Pipeline.php(183): Illuminate\\Http\\Middleware\\HandleCors->handle()
#42 /home/mohammed-ouais/project-Huma-volve-Laravel/grocery-training-project-round-2/vendor/laravel/framework/src/Illuminate/Http/Middleware/TrustProxies.php(39): Illuminate\\Pipeline\\Pipeline->Illuminate\\Pipeline\\{closure}()
#43 /home/mohammed-ouais/project-Huma-volve-Laravel/grocery-training-project-round-2/vendor/laravel/framework/src/Illuminate/Pipeline/Pipeline.php(183): Illuminate\\Http\\Middleware\\TrustProxies->handle()
#44 /home/mohammed-ouais/project-Huma-volve-Laravel/grocery-training-project-round-2/vendor/laravel/framework/src/Illuminate/Pipeline/Pipeline.php(119): Illuminate\\Pipeline\\Pipeline->Illuminate\\Pipeline\\{closure}()
#45 /home/mohammed-ouais/project-Huma-volve-Laravel/grocery-training-project-round-2/vendor/laravel/framework/src/Illuminate/Foundation/Http/Kernel.php(175): Illuminate\\Pipeline\\Pipeline->then()
#46 /home/mohammed-ouais/project-Huma-volve-Laravel/grocery-training-project-round-2/vendor/laravel/framework/src/Illuminate/Foundation/Http/Kernel.php(144): Illuminate\\Foundation\\Http\\Kernel->sendRequestThroughRouter()
#47 /home/mohammed-ouais/project-Huma-volve-Laravel/grocery-training-project-round-2/public/index.php(51): Illuminate\\Foundation\\Http\\Kernel->handle()
#48 /home/mohammed-ouais/project-Huma-volve-Laravel/grocery-training-project-round-2/vendor/laravel/framework/src/Illuminate/Foundation/resources/server.php(16): require_once('...')
#49 {main}
"} 
[2026-08-07 07:09:21] local.ERROR: Target class [admin] does not exist. {"userId":2,"exception":"[object] (Illuminate\\Contracts\\Container\\BindingResolutionException(code: 0): Target class [admin] does not exist. at /home/mohammed-ouais/project-Huma-volve-Laravel/grocery-training-project-round-2/vendor/laravel/framework/src/Illuminate/Container/Container.php:914)
[stacktrace]
#0 /home/mohammed-ouais/project-Huma-volve-Laravel/grocery-training-project-round-2/vendor/laravel/framework/src/Illuminate/Container/Container.php(795): Illuminate\\Container\\Container->build()
#1 /home/mohammed-ouais/project-Huma-volve-Laravel/grocery-training-project-round-2/vendor/laravel/framework/src/Illuminate/Foundation/Application.php(986): Illuminate\\Container\\Container->resolve()
#2 /home/mohammed-ouais/project-Huma-volve-Laravel/grocery-training-project-round-2/vendor/laravel/framework/src/Illuminate/Container/Container.php(731): Illuminate\\Foundation\\Application->resolve()
#3 /home/mohammed-ouais/project-Huma-volve-Laravel/grocery-training-project-round-2/vendor/laravel/framework/src/Illuminate/Foundation/Application.php(971): Illuminate\\Container\\Container->make()
#4 /home/mohammed-ouais/project-Huma-volve-Laravel/grocery-training-project-round-2/vendor/laravel/framework/src/Illuminate/Foundation/Http/Kernel.php(255): Illuminate\\Foundation\\Application->make()
#5 /home/mohammed-ouais/project-Huma-volve-Laravel/grocery-training-project-round-2/vendor/laravel/framework/src/Illuminate/Foundation/Http/Kernel.php(213): Illuminate\\Foundation\\Http\\Kernel->terminateMiddleware()
#6 /home/mohammed-ouais/project-Huma-volve-Laravel/grocery-training-project-round-2/public/index.php(55): Illuminate\\Foundation\\Http\\Kernel->terminate()
#7 /home/mohammed-ouais/project-Huma-volve-Laravel/grocery-training-project-round-2/vendor/laravel/framework/src/Illuminate/Foundation/resources/server.php(16): require_once('...')
#8 {main}

[previous exception] [object] (ReflectionException(code: -1): Class \"admin\" does not exist at /home/mohammed-ouais/project-Huma-volve-Laravel/grocery-training-project-round-2/vendor/laravel/framework/src/Illuminate/Container/Container.php:912)
[stacktrace]
#0 /home/mohammed-ouais/project-Huma-volve-Laravel/grocery-training-project-round-2/vendor/laravel/framework/src/Illuminate/Container/Container.php(912): ReflectionClass->__construct()
#1 /home/mohammed-ouais/project-Huma-volve-Laravel/grocery-training-project-round-2/vendor/laravel/framework/src/Illuminate/Container/Container.php(795): Illuminate\\Container\\Container->build()
#2 /home/mohammed-ouais/project-Huma-volve-Laravel/grocery-training-project-round-2/vendor/laravel/framework/src/Illuminate/Foundation/Application.php(986): Illuminate\\Container\\Container->resolve()
#3 /home/mohammed-ouais/project-Huma-volve-Laravel/grocery-training-project-round-2/vendor/laravel/framework/src/Illuminate/Container/Container.php(731): Illuminate\\Foundation\\Application->resolve()
#4 /home/mohammed-ouais/project-Huma-volve-Laravel/grocery-training-project-round-2/vendor/laravel/framework/src/Illuminate/Foundation/Application.php(971): Illuminate\\Container\\Container->make()
#5 /home/mohammed-ouais/project-Huma-volve-Laravel/grocery-training-project-round-2/vendor/laravel/framework/src/Illuminate/Foundation/Http/Kernel.php(255): Illuminate\\Foundation\\Application->make()
#6 /home/mohammed-ouais/project-Huma-volve-Laravel/grocery-training-project-round-2/vendor/laravel/framework/src/Illuminate/Foundation/Http/Kernel.php(213): Illuminate\\Foundation\\Http\\Kernel->terminateMiddleware()
#7 /home/mohammed-ouais/project-Huma-volve-Laravel/grocery-training-project-round-2/public/index.php(55): Illuminate\\Foundation\\Http\\Kernel->terminate()
#8 /home/mohammed-ouais/project-Huma-volve-Laravel/grocery-training-project-round-2/vendor/laravel/framework/src/Illuminate/Foundation/resources/server.php(16): require_once('...')
#9 {main}
"} 
[2026-08-07 07:13:35] local.ERROR: Class "App\Action\Admin\Dashboard\GetDashboardStatsAction" does not exist {"userId":2,"exception":"[object] (ReflectionException(code: -1): Class \"App\\Action\\Admin\\Dashboard\\GetDashboardStatsAction\" does not exist at /home/mohammed-ouais/project-Huma-volve-Laravel/grocery-training-project-round-2/vendor/laravel/framework/src/Illuminate/Routing/ResolvesRouteDependencies.php:81)
[stacktrace]
#0 /home/mohammed-ouais/project-Huma-volve-Laravel/grocery-training-project-round-2/vendor/laravel/framework/src/Illuminate/Routing/ResolvesRouteDependencies.php(81): ReflectionClass->__construct()
#1 /home/mohammed-ouais/project-Huma-volve-Laravel/grocery-training-project-round-2/vendor/laravel/framework/src/Illuminate/Routing/ResolvesRouteDependencies.php(50): Illuminate\\Routing\\ControllerDispatcher->transformDependency()
#2 /home/mohammed-ouais/project-Huma-volve-Laravel/grocery-training-project-round-2/vendor/laravel/framework/src/Illuminate/Routing/ResolvesRouteDependencies.php(29): Illuminate\\Routing\\ControllerDispatcher->resolveMethodDependencies()
#3 /home/mohammed-ouais/project-Huma-volve-Laravel/grocery-training-project-round-2/vendor/laravel/framework/src/Illuminate/Routing/ControllerDispatcher.php(59): Illuminate\\Routing\\ControllerDispatcher->resolveClassMethodDependencies()
#4 /home/mohammed-ouais/project-Huma-volve-Laravel/grocery-training-project-round-2/vendor/laravel/framework/src/Illuminate/Routing/ControllerDispatcher.php(40): Illuminate\\Routing\\ControllerDispatcher->resolveParameters()
#5 /home/mohammed-ouais/project-Huma-volve-Laravel/grocery-training-project-round-2/vendor/laravel/framework/src/Illuminate/Routing/Route.php(259): Illuminate\\Routing\\ControllerDispatcher->dispatch()
#6 /home/mohammed-ouais/project-Huma-volve-Laravel/grocery-training-project-round-2/vendor/laravel/framework/src/Illuminate/Routing/Route.php(205): Illuminate\\Routing\\Route->runController()
#7 /home/mohammed-ouais/project-Huma-volve-Laravel/grocery-training-project-round-2/vendor/laravel/framework/src/Illuminate/Routing/Router.php(806): Illuminate\\Routing\\Route->run()
#8 /home/mohammed-ouais/project-Huma-volve-Laravel/grocery-training-project-round-2/vendor/laravel/framework/src/Illuminate/Pipeline/Pipeline.php(144): Illuminate\\Routing\\Router->Illuminate\\Routing\\{closure}()
#9 /home/mohammed-ouais/project-Huma-volve-Laravel/grocery-training-project-round-2/app/Http/Middleware/AdminMiddleware.php(24): Illuminate\\Pipeline\\Pipeline->Illuminate\\Pipeline\\{closure}()
#10 /home/mohammed-ouais/project-Huma-volve-Laravel/grocery-training-project-round-2/vendor/laravel/framework/src/Illuminate/Pipeline/Pipeline.php(183): App\\Http\\Middleware\\AdminMiddleware->handle()
#11 /home/mohammed-ouais/project-Huma-volve-Laravel/grocery-training-project-round-2/vendor/laravel/framework/src/Illuminate/Routing/Middleware/SubstituteBindings.php(50): Illuminate\\Pipeline\\Pipeline->Illuminate\\Pipeline\\{closure}()
#12 /home/mohammed-ouais/project-Huma-volve-Laravel/grocery-training-project-round-2/vendor/laravel/framework/src/Illuminate/Pipeline/Pipeline.php(183): Illuminate\\Routing\\Middleware\\SubstituteBindings->handle()
#13 /home/mohammed-ouais/project-Huma-volve-Laravel/grocery-training-project-round-2/vendor/laravel/framework/src/Illuminate/Auth/Middleware/Authenticate.php(57): Illuminate\\Pipeline\\Pipeline->Illuminate\\Pipeline\\{closure}()
#14 /home/mohammed-ouais/project-Huma-volve-Laravel/grocery-training-project-round-2/vendor/laravel/framework/src/Illuminate/Pipeline/Pipeline.php(183): Illuminate\\Auth\\Middleware\\Authenticate->handle()
#15 /home/mohammed-ouais/project-Huma-volve-Laravel/grocery-training-project-round-2/vendor/laravel/framework/src/Illuminate/Foundation/Http/Middleware/VerifyCsrfToken.php(78): Illuminate\\Pipeline\\Pipeline->Illuminate\\Pipeline\\{closure}()
#16 /home/mohammed-ouais/project-Huma-volve-Laravel/grocery-training-project-round-2/vendor/laravel/framework/src/Illuminate/Pipeline/Pipeline.php(183): Illuminate\\Foundation\\Http\\Middleware\\VerifyCsrfToken->handle()
#17 /home/mohammed-ouais/project-Huma-volve-Laravel/grocery-training-project-round-2/vendor/laravel/framework/src/Illuminate/View/Middleware/ShareErrorsFromSession.php(49): Illuminate\\Pipeline\\Pipeline->Illuminate\\Pipeline\\{closure}()
#18 /home/mohammed-ouais/project-Huma-volve-Laravel/grocery-training-project-round-2/vendor/laravel/framework/src/Illuminate/Pipeline/Pipeline.php(183): Illuminate\\View\\Middleware\\ShareErrorsFromSession->handle()
#19 /home/mohammed-ouais/project-Huma-volve-Laravel/grocery-training-project-round-2/vendor/laravel/framework/src/Illuminate/Session/Middleware/StartSession.php(121): Illuminate\\Pipeline\\Pipeline->Illuminate\\Pipeline\\{closure}()
#20 /home/mohammed-ouais/project-Huma-volve-Laravel/grocery-training-project-round-2/vendor/laravel/framework/src/Illuminate/Session/Middleware/StartSession.php(64): Illuminate\\Session\\Middleware\\StartSession->handleStatefulRequest()
#21 /home/mohammed-ouais/project-Huma-volve-Laravel/grocery-training-project-round-2/vendor/laravel/framework/src/Illuminate/Pipeline/Pipeline.php(183): Illuminate\\Session\\Middleware\\StartSession->handle()
#22 /home/mohammed-ouais/project-Huma-volve-Laravel/grocery-training-project-round-2/vendor/laravel/framework/src/Illuminate/Cookie/Middleware/AddQueuedCookiesToResponse.php(37): Illuminate\\Pipeline\\Pipeline->Illuminate\\Pipeline\\{closure}()
#23 /home/mohammed-ouais/project-Huma-volve-Laravel/grocery-training-project-round-2/vendor/laravel/framework/src/Illuminate/Pipeline/Pipeline.php(183): Illuminate\\Cookie\\Middleware\\AddQueuedCookiesToResponse->handle()
#24 /home/mohammed-ouais/project-Huma-volve-Laravel/grocery-training-project-round-2/vendor/laravel/framework/src/Illuminate/Cookie/Middleware/EncryptCookies.php(67): Illuminate\\Pipeline\\Pipeline->Illuminate\\Pipeline\\{closure}()
#25 /home/mohammed-ouais/project-Huma-volve-Laravel/grocery-training-project-round-2/vendor/laravel/framework/src/Illuminate/Pipeline/Pipeline.php(183): Illuminate\\Cookie\\Middleware\\EncryptCookies->handle()
#26 /home/mohammed-ouais/project-Huma-volve-Laravel/grocery-training-project-round-2/vendor/laravel/framework/src/Illuminate/Pipeline/Pipeline.php(119): Illuminate\\Pipeline\\Pipeline->Illuminate\\Pipeline\\{closure}()
#27 /home/mohammed-ouais/project-Huma-volve-Laravel/grocery-training-project-round-2/vendor/laravel/framework/src/Illuminate/Routing/Router.php(805): Illuminate\\Pipeline\\Pipeline->then()
#28 /home/mohammed-ouais/project-Huma-volve-Laravel/grocery-training-project-round-2/vendor/laravel/framework/src/Illuminate/Routing/Router.php(784): Illuminate\\Routing\\Router->runRouteWithinStack()
#29 /home/mohammed-ouais/project-Huma-volve-Laravel/grocery-training-project-round-2/vendor/laravel/framework/src/Illuminate/Routing/Router.php(748): Illuminate\\Routing\\Router->runRoute()
#30 /home/mohammed-ouais/project-Huma-volve-Laravel/grocery-training-project-round-2/vendor/laravel/framework/src/Illuminate/Routing/Router.php(737): Illuminate\\Routing\\Router->dispatchToRoute()
#31 /home/mohammed-ouais/project-Huma-volve-Laravel/grocery-training-project-round-2/vendor/laravel/framework/src/Illuminate/Foundation/Http/Kernel.php(200): Illuminate\\Routing\\Router->dispatch()
#32 /home/mohammed-ouais/project-Huma-volve-Laravel/grocery-training-project-round-2/vendor/laravel/framework/src/Illuminate/Pipeline/Pipeline.php(144): Illuminate\\Foundation\\Http\\Kernel->Illuminate\\Foundation\\Http\\{closure}()
#33 /home/mohammed-ouais/project-Huma-volve-Laravel/grocery-training-project-round-2/vendor/livewire/livewire/src/Features/SupportDisablingBackButtonCache/DisableBackButtonCacheMiddleware.php(19): Illuminate\\Pipeline\\Pipeline->Illuminate\\Pipeline\\{closure}()
#34 /home/mohammed-ouais/project-Huma-volve-Laravel/grocery-training-project-round-2/vendor/laravel/framework/src/Illuminate/Pipeline/Pipeline.php(183): Livewire\\Features\\SupportDisablingBackButtonCache\\DisableBackButtonCacheMiddleware->handle()
#35 /home/mohammed-ouais/project-Huma-volve-Laravel/grocery-training-project-round-2/vendor/laravel/framework/src/Illuminate/Foundation/Http/Middleware/TransformsRequest.php(21): Illuminate\\Pipeline\\Pipeline->Illuminate\\Pipeline\\{closure}()
#36 /home/mohammed-ouais/project-Huma-volve-Laravel/grocery-training-project-round-2/vendor/laravel/framework/src/Illuminate/Foundation/Http/Middleware/ConvertEmptyStringsToNull.php(31): Illuminate\\Foundation\\Http\\Middleware\\TransformsRequest->handle()
#37 /home/mohammed-ouais/project-Huma-volve-Laravel/grocery-training-project-round-2/vendor/laravel/framework/src/Illuminate/Pipeline/Pipeline.php(183): Illuminate\\Foundation\\Http\\Middleware\\ConvertEmptyStringsToNull->handle()
#38 /home/mohammed-ouais/project-Huma-volve-Laravel/grocery-training-project-round-2/vendor/laravel/framework/src/Illuminate/Foundation/Http/Middleware/TransformsRequest.php(21): Illuminate\\Pipeline\\Pipeline->Illuminate\\Pipeline\\{closure}()
#39 /home/mohammed-ouais/project-Huma-volve-Laravel/grocery-training-project-round-2/vendor/laravel/framework/src/Illuminate/Foundation/Http/Middleware/TrimStrings.php(40): Illuminate\\Foundation\\Http\\Middleware\\TransformsRequest->handle()
#40 /home/mohammed-ouais/project-Huma-volve-Laravel/grocery-training-project-round-2/vendor/laravel/framework/src/Illuminate/Pipeline/Pipeline.php(183): Illuminate\\Foundation\\Http\\Middleware\\TrimStrings->handle()
#41 /home/mohammed-ouais/project-Huma-volve-Laravel/grocery-training-project-round-2/vendor/laravel/framework/src/Illuminate/Foundation/Http/Middleware/ValidatePostSize.php(27): Illuminate\\Pipeline\\Pipeline->Illuminate\\Pipeline\\{closure}()
#42 /home/mohammed-ouais/project-Huma-volve-Laravel/grocery-training-project-round-2/vendor/laravel/framework/src/Illuminate/Pipeline/Pipeline.php(183): Illuminate\\Foundation\\Http\\Middleware\\ValidatePostSize->handle()
#43 /home/mohammed-ouais/project-Huma-volve-Laravel/grocery-training-project-round-2/vendor/laravel/framework/src/Illuminate/Foundation/Http/Middleware/PreventRequestsDuringMaintenance.php(99): Illuminate\\Pipeline\\Pipeline->Illuminate\\Pipeline\\{closure}()
#44 /home/mohammed-ouais/project-Huma-volve-Laravel/grocery-training-project-round-2/vendor/laravel/framework/src/Illuminate/Pipeline/Pipeline.php(183): Illuminate\\Foundation\\Http\\Middleware\\PreventRequestsDuringMaintenance->handle()
#45 /home/mohammed-ouais/project-Huma-volve-Laravel/grocery-training-project-round-2/vendor/laravel/framework/src/Illuminate/Http/Middleware/HandleCors.php(49): Illuminate\\Pipeline\\Pipeline->Illuminate\\Pipeline\\{closure}()
#46 /home/mohammed-ouais/project-Huma-volve-Laravel/grocery-training-project-round-2/vendor/laravel/framework/src/Illuminate/Pipeline/Pipeline.php(183): Illuminate\\Http\\Middleware\\HandleCors->handle()
#47 /home/mohammed-ouais/project-Huma-volve-Laravel/grocery-training-project-round-2/vendor/laravel/framework/src/Illuminate/Http/Middleware/TrustProxies.php(39): Illuminate\\Pipeline\\Pipeline->Illuminate\\Pipeline\\{closure}()
#48 /home/mohammed-ouais/project-Huma-volve-Laravel/grocery-training-project-round-2/vendor/laravel/framework/src/Illuminate/Pipeline/Pipeline.php(183): Illuminate\\Http\\Middleware\\TrustProxies->handle()
#49 /home/mohammed-ouais/project-Huma-volve-Laravel/grocery-training-project-round-2/vendor/laravel/framework/src/Illuminate/Pipeline/Pipeline.php(119): Illuminate\\Pipeline\\Pipeline->Illuminate\\Pipeline\\{closure}()
#50 /home/mohammed-ouais/project-Huma-volve-Laravel/grocery-training-project-round-2/vendor/laravel/framework/src/Illuminate/Foundation/Http/Kernel.php(175): Illuminate\\Pipeline\\Pipeline->then()
#51 /home/mohammed-ouais/project-Huma-volve-Laravel/grocery-training-project-round-2/vendor/laravel/framework/src/Illuminate/Foundation/Http/Kernel.php(144): Illuminate\\Foundation\\Http\\Kernel->sendRequestThroughRouter()
#52 /home/mohammed-ouais/project-Huma-volve-Laravel/grocery-training-project-round-2/public/index.php(51): Illuminate\\Foundation\\Http\\Kernel->handle()
#53 /home/mohammed-ouais/project-Huma-volve-Laravel/grocery-training-project-round-2/vendor/laravel/framework/src/Illuminate/Foundation/resources/server.php(16): require_once('...')
#54 {main}
"} 
[2026-08-07 07:14:57] local.ERROR: Cannot declare class App\Http\Controllers\Api\Admin\AdminUserController, because the name is already in use {"exception":"[object] (Symfony\\Component\\ErrorHandler\\Error\\FatalError(code: 0): Cannot declare class App\\Http\\Controllers\\Api\\Admin\\AdminUserController, because the name is already in use at /home/mohammed-ouais/project-Huma-volve-Laravel/grocery-training-project-round-2/app/Http/Controllers/Admin/AdminUserController.php:21)
[stacktrace]
#0 {main}
"} 
[2026-08-07 07:18:22] local.ERROR: Cannot declare class App\Http\Controllers\Api\Admin\AdminUserController, because the name is already in use {"exception":"[object] (Symfony\\Component\\ErrorHandler\\Error\\FatalError(code: 0): Cannot declare class App\\Http\\Controllers\\Api\\Admin\\AdminUserController, because the name is already in use at /home/mohammed-ouais/project-Huma-volve-Laravel/grocery-training-project-round-2/app/Http/Controllers/Admin/AdminUserController.php:21)
[stacktrace]
#0 {main}
"} 
[2026-08-07 07:18:40] local.ERROR: Cannot declare class App\Http\Controllers\Api\Admin\AdminUserController, because the name is already in use {"exception":"[object] (Symfony\\Component\\ErrorHandler\\Error\\FatalError(code: 0): Cannot declare class App\\Http\\Controllers\\Api\\Admin\\AdminUserController, because the name is already in use at /home/mohammed-ouais/project-Huma-volve-Laravel/grocery-training-project-round-2/app/Http/Controllers/Admin/AdminUserController.php:21)
[stacktrace]
#0 {main}
"} 
[2026-08-07 07:18:43] local.ERROR: Cannot declare class App\Http\Controllers\Api\Admin\AdminUserController, because the name is already in use {"exception":"[object] (Symfony\\Component\\ErrorHandler\\Error\\FatalError(code: 0): Cannot declare class App\\Http\\Controllers\\Api\\Admin\\AdminUserController, because the name is already in use at /home/mohammed-ouais/project-Huma-volve-Laravel/grocery-training-project-round-2/app/Http/Controllers/Admin/AdminUserController.php:21)
[stacktrace]
#0 {main}
"} 
[2026-08-07 07:20:30] local.ERROR: Route [filament.admin.resources.users.index] not defined. {"userId":2,"exception":"[object] (Symfony\\Component\\Routing\\Exception\\RouteNotFoundException(code: 0): Route [filament.admin.resources.users.index] not defined. at /home/mohammed-ouais/project-Huma-volve-Laravel/grocery-training-project-round-2/vendor/laravel/framework/src/Illuminate/Routing/UrlGenerator.php:477)
[stacktrace]
#0 /home/mohammed-ouais/project-Huma-volve-Laravel/grocery-training-project-round-2/vendor/laravel/framework/src/Illuminate/Foundation/helpers.php(811): Illuminate\\Routing\\UrlGenerator->route()
#1 /home/mohammed-ouais/project-Huma-volve-Laravel/grocery-training-project-round-2/vendor/filament/filament/src/Resources/Resource.php(701): route()
#2 /home/mohammed-ouais/project-Huma-volve-Laravel/grocery-training-project-round-2/vendor/filament/filament/src/Resources/Pages/EditRecord.php(320): Filament\\Resources\\Resource::getUrl()
#3 /home/mohammed-ouais/project-Huma-volve-Laravel/grocery-training-project-round-2/vendor/filament/filament/src/Resources/Pages/EditRecord.php(270): Filament\\Resources\\Pages\\EditRecord->configureDeleteAction()
#4 /home/mohammed-ouais/project-Huma-volve-Laravel/grocery-training-project-round-2/vendor/filament/support/src/Components/ComponentManager.php(98): Filament\\Resources\\Pages\\EditRecord->configureAction()
#5 /home/mohammed-ouais/project-Huma-volve-Laravel/grocery-training-project-round-2/vendor/filament/support/src/Concerns/Configurable.php(22): Filament\\Support\\Components\\ComponentManager->configure()
#6 /home/mohammed-ouais/project-Huma-volve-Laravel/grocery-training-project-round-2/vendor/filament/actions/src/StaticAction.php(68): Filament\\Support\\Components\\Component->configure()
#7 /home/mohammed-ouais/project-Huma-volve-Laravel/grocery-training-project-round-2/app/Filament/Resources/UserResource/Pages/EditUser.php(16): Filament\\Actions\\StaticAction::make()
#8 /home/mohammed-ouais/project-Huma-volve-Laravel/grocery-training-project-round-2/vendor/filament/filament/src/Pages/Concerns/InteractsWithHeaderActions.php(27): App\\Filament\\Resources\\UserResource\\Pages\\EditUser->getHeaderActions()
#9 /home/mohammed-ouais/project-Huma-volve-Laravel/grocery-training-project-round-2/vendor/filament/support/src/Components/ComponentManager.php(80): Filament\\Pages\\Page->Filament\\Pages\\Concerns\\{closure}()
#10 /home/mohammed-ouais/project-Huma-volve-Laravel/grocery-training-project-round-2/vendor/filament/support/src/Concerns/Configurable.php(12): Filament\\Support\\Components\\ComponentManager->configureUsing()
#11 /home/mohammed-ouais/project-Huma-volve-Laravel/grocery-training-project-round-2/vendor/filament/filament/src/Pages/Concerns/InteractsWithHeaderActions.php(25): Filament\\Support\\Components\\Component::configureUsing()
#12 /home/mohammed-ouais/project-Huma-volve-Laravel/grocery-training-project-round-2/vendor/filament/filament/src/Pages/Concerns/InteractsWithHeaderActions.php(19): Filament\\Pages\\Page->cacheHeaderActions()
#13 /home/mohammed-ouais/project-Huma-volve-Laravel/grocery-training-project-round-2/vendor/laravel/framework/src/Illuminate/Container/BoundMethod.php(36): Filament\\Pages\\Page->bootedInteractsWithHeaderActions()
#14 /home/mohammed-ouais/project-Huma-volve-Laravel/grocery-training-project-round-2/vendor/laravel/framework/src/Illuminate/Container/Util.php(41): Illuminate\\Container\\BoundMethod::Illuminate\\Container\\{closure}()
#15 /home/mohammed-ouais/project-Huma-volve-Laravel/grocery-training-project-round-2/vendor/laravel/framework/src/Illuminate/Container/BoundMethod.php(93): Illuminate\\Container\\Util::unwrapIfClosure()
#16 /home/mohammed-ouais/project-Huma-volve-Laravel/grocery-training-project-round-2/vendor/laravel/framework/src/Illuminate/Container/BoundMethod.php(35): Illuminate\\Container\\BoundMethod::callBoundMethod()
#17 /home/mohammed-ouais/project-Huma-volve-Laravel/grocery-training-project-round-2/vendor/livewire/livewire/src/Wrapped.php(23): Illuminate\\Container\\BoundMethod::call()
#18 /home/mohammed-ouais/project-Huma-volve-Laravel/grocery-training-project-round-2/vendor/livewire/livewire/src/Features/SupportLifecycleHooks/SupportLifecycleHooks.php(144): Livewire\\Wrapped->__call()
#19 /home/mohammed-ouais/project-Huma-volve-Laravel/grocery-training-project-round-2/vendor/livewire/livewire/src/Features/SupportLifecycleHooks/SupportLifecycleHooks.php(24): Livewire\\Features\\SupportLifecycleHooks\\SupportLifecycleHooks->callTraitHook()
#20 /home/mohammed-ouais/project-Huma-volve-Laravel/grocery-training-project-round-2/vendor/livewire/livewire/src/ComponentHook.php(19): Livewire\\Features\\SupportLifecycleHooks\\SupportLifecycleHooks->mount()
#21 /home/mohammed-ouais/project-Huma-volve-Laravel/grocery-training-project-round-2/vendor/livewire/livewire/src/ComponentHookRegistry.php(45): Livewire\\ComponentHook->callMount()
#22 /home/mohammed-ouais/project-Huma-volve-Laravel/grocery-training-project-round-2/vendor/livewire/livewire/src/EventBus.php(60): Livewire\\ComponentHookRegistry::Livewire\\{closure}()
#23 /home/mohammed-ouais/project-Huma-volve-Laravel/grocery-training-project-round-2/vendor/livewire/livewire/src/helpers.php(98): Livewire\\EventBus->trigger()
#24 /home/mohammed-ouais/project-Huma-volve-Laravel/grocery-training-project-round-2/vendor/livewire/livewire/src/Mechanisms/HandleComponents/HandleComponents.php(50): Livewire\\trigger()
#25 /home/mohammed-ouais/project-Huma-volve-Laravel/grocery-training-project-round-2/vendor/livewire/livewire/src/LivewireManager.php(73): Livewire\\Mechanisms\\HandleComponents\\HandleComponents->mount()
#26 /home/mohammed-ouais/project-Huma-volve-Laravel/grocery-training-project-round-2/vendor/livewire/livewire/src/Features/SupportPageComponents/HandlesPageComponents.php(17): Livewire\\LivewireManager->mount()
#27 /home/mohammed-ouais/project-Huma-volve-Laravel/grocery-training-project-round-2/vendor/livewire/livewire/src/Features/SupportPageComponents/SupportPageComponents.php(117): Livewire\\Component->Livewire\\Features\\SupportPageComponents\\{closure}()
#28 /home/mohammed-ouais/project-Huma-volve-Laravel/grocery-training-project-round-2/vendor/livewire/livewire/src/Features/SupportPageComponents/HandlesPageComponents.php(14): Livewire\\Features\\SupportPageComponents\\SupportPageComponents::interceptTheRenderOfTheComponentAndRetreiveTheLayoutConfiguration()
#29 /home/mohammed-ouais/project-Huma-volve-Laravel/grocery-training-project-round-2/vendor/laravel/framework/src/Illuminate/Routing/ControllerDispatcher.php(46): Livewire\\Component->__invoke()
#30 /home/mohammed-ouais/project-Huma-volve-Laravel/grocery-training-project-round-2/vendor/laravel/framework/src/Illuminate/Routing/Route.php(259): Illuminate\\Routing\\ControllerDispatcher->dispatch()
#31 /home/mohammed-ouais/project-Huma-volve-Laravel/grocery-training-project-round-2/vendor/laravel/framework/src/Illuminate/Routing/Route.php(205): Illuminate\\Routing\\Route->runController()
#32 /home/mohammed-ouais/project-Huma-volve-Laravel/grocery-training-project-round-2/vendor/laravel/framework/src/Illuminate/Routing/Router.php(806): Illuminate\\Routing\\Route->run()
#33 /home/mohammed-ouais/project-Huma-volve-Laravel/grocery-training-project-round-2/vendor/laravel/framework/src/Illuminate/Pipeline/Pipeline.php(144): Illuminate\\Routing\\Router->Illuminate\\Routing\\{closure}()
#34 /home/mohammed-ouais/project-Huma-volve-Laravel/grocery-training-project-round-2/app/Http/Middleware/EnsureUserIsAdmin.php(33): Illuminate\\Pipeline\\Pipeline->Illuminate\\Pipeline\\{closure}()
#35 /home/mohammed-ouais/project-Huma-volve-Laravel/grocery-training-project-round-2/vendor/laravel/framework/src/Illuminate/Pipeline/Pipeline.php(183): App\\Http\\Middleware\\EnsureUserIsAdmin->handle()
#36 /home/mohammed-ouais/project-Huma-volve-Laravel/grocery-training-project-round-2/vendor/filament/filament/src/Http/Middleware/DispatchServingFilamentEvent.php(15): Illuminate\\Pipeline\\Pipeline->Illuminate\\Pipeline\\{closure}()
#37 /home/mohammed-ouais/project-Huma-volve-Laravel/grocery-training-project-round-2/vendor/laravel/framework/src/Illuminate/Pipeline/Pipeline.php(183): Filament\\Http\\Middleware\\DispatchServingFilamentEvent->handle()
#38 /home/mohammed-ouais/project-Huma-volve-Laravel/grocery-training-project-round-2/vendor/filament/filament/src/Http/Middleware/DisableBladeIconComponents.php(14): Illuminate\\Pipeline\\Pipeline->Illuminate\\Pipeline\\{closure}()
#39 /home/mohammed-ouais/project-Huma-volve-Laravel/grocery-training-project-round-2/vendor/laravel/framework/src/Illuminate/Pipeline/Pipeline.php(183): Filament\\Http\\Middleware\\DisableBladeIconComponents->handle()
#40 /home/mohammed-ouais/project-Huma-volve-Laravel/grocery-training-project-round-2/vendor/laravel/framework/src/Illuminate/Routing/Middleware/SubstituteBindings.php(50): Illuminate\\Pipeline\\Pipeline->Illuminate\\Pipeline\\{closure}()
#41 /home/mohammed-ouais/project-Huma-volve-Laravel/grocery-training-project-round-2/vendor/laravel/framework/src/Illuminate/Pipeline/Pipeline.php(183): Illuminate\\Routing\\Middleware\\SubstituteBindings->handle()
#42 /home/mohammed-ouais/project-Huma-volve-Laravel/grocery-training-project-round-2/vendor/laravel/framework/src/Illuminate/Foundation/Http/Middleware/VerifyCsrfToken.php(78): Illuminate\\Pipeline\\Pipeline->Illuminate\\Pipeline\\{closure}()
#43 /home/mohammed-ouais/project-Huma-volve-Laravel/grocery-training-project-round-2/vendor/laravel/framework/src/Illuminate/Pipeline/Pipeline.php(183): Illuminate\\Foundation\\Http\\Middleware\\VerifyCsrfToken->handle()
#44 /home/mohammed-ouais/project-Huma-volve-Laravel/grocery-training-project-round-2/vendor/laravel/framework/src/Illuminate/Session/Middleware/AuthenticateSession.php(60): Illuminate\\Pipeline\\Pipeline->Illuminate\\Pipeline\\{closure}()
#45 /home/mohammed-ouais/project-Huma-volve-Laravel/grocery-training-project-round-2/vendor/laravel/framework/src/Illuminate/Pipeline/Pipeline.php(183): Illuminate\\Session\\Middleware\\AuthenticateSession->handle()
#46 /home/mohammed-ouais/project-Huma-volve-Laravel/grocery-training-project-round-2/vendor/laravel/framework/src/Illuminate/Auth/Middleware/Authenticate.php(57): Illuminate\\Pipeline\\Pipeline->Illuminate\\Pipeline\\{closure}()
#47 /home/mohammed-ouais/project-Huma-volve-Laravel/grocery-training-project-round-2/vendor/laravel/framework/src/Illuminate/Pipeline/Pipeline.php(183): Illuminate\\Auth\\Middleware\\Authenticate->handle()
#48 /home/mohammed-ouais/project-Huma-volve-Laravel/grocery-training-project-round-2/vendor/laravel/framework/src/Illuminate/View/Middleware/ShareErrorsFromSession.php(49): Illuminate\\Pipeline\\Pipeline->Illuminate\\Pipeline\\{closure}()
#49 /home/mohammed-ouais/project-Huma-volve-Laravel/grocery-training-project-round-2/vendor/laravel/framework/src/Illuminate/Pipeline/Pipeline.php(183): Illuminate\\View\\Middleware\\ShareErrorsFromSession->handle()
#50 /home/mohammed-ouais/project-Huma-volve-Laravel/grocery-training-project-round-2/vendor/laravel/framework/src/Illuminate/Session/Middleware/StartSession.php(121): Illuminate\\Pipeline\\Pipeline->Illuminate\\Pipeline\\{closure}()
#51 /home/mohammed-ouais/project-Huma-volve-Laravel/grocery-training-project-round-2/vendor/laravel/framework/src/Illuminate/Session/Middleware/StartSession.php(64): Illuminate\\Session\\Middleware\\StartSession->handleStatefulRequest()
#52 /home/mohammed-ouais/project-Huma-volve-Laravel/grocery-training-project-round-2/vendor/laravel/framework/src/Illuminate/Pipeline/Pipeline.php(183): Illuminate\\Session\\Middleware\\StartSession->handle()
#53 /home/mohammed-ouais/project-Huma-volve-Laravel/grocery-training-project-round-2/vendor/laravel/framework/src/Illuminate/Cookie/Middleware/AddQueuedCookiesToResponse.php(37): Illuminate\\Pipeline\\Pipeline->Illuminate\\Pipeline\\{closure}()
#54 /home/mohammed-ouais/project-Huma-volve-Laravel/grocery-training-project-round-2/vendor/laravel/framework/src/Illuminate/Pipeline/Pipeline.php(183): Illuminate\\Cookie\\Middleware\\AddQueuedCookiesToResponse->handle()
#55 /home/mohammed-ouais/project-Huma-volve-Laravel/grocery-training-project-round-2/vendor/laravel/framework/src/Illuminate/Cookie/Middleware/EncryptCookies.php(67): Illuminate\\Pipeline\\Pipeline->Illuminate\\Pipeline\\{closure}()
#56 /home/mohammed-ouais/project-Huma-volve-Laravel/grocery-training-project-round-2/vendor/laravel/framework/src/Illuminate/Pipeline/Pipeline.php(183): Illuminate\\Cookie\\Middleware\\EncryptCookies->handle()
#57 /home/mohammed-ouais/project-Huma-volve-Laravel/grocery-training-project-round-2/vendor/filament/filament/src/Http/Middleware/SetUpPanel.php(19): Illuminate\\Pipeline\\Pipeline->Illuminate\\Pipeline\\{closure}()
#58 /home/mohammed-ouais/project-Huma-volve-Laravel/grocery-training-project-round-2/vendor/laravel/framework/src/Illuminate/Pipeline/Pipeline.php(183): Filament\\Http\\Middleware\\SetUpPanel->handle()
#59 /home/mohammed-ouais/project-Huma-volve-Laravel/grocery-training-project-round-2/vendor/laravel/framework/src/Illuminate/Pipeline/Pipeline.php(119): Illuminate\\Pipeline\\Pipeline->Illuminate\\Pipeline\\{closure}()
#60 /home/mohammed-ouais/project-Huma-volve-Laravel/grocery-training-project-round-2/vendor/laravel/framework/src/Illuminate/Routing/Router.php(805): Illuminate\\Pipeline\\Pipeline->then()
#61 /home/mohammed-ouais/project-Huma-volve-Laravel/grocery-training-project-round-2/vendor/laravel/framework/src/Illuminate/Routing/Router.php(784): Illuminate\\Routing\\Router->runRouteWithinStack()
#62 /home/mohammed-ouais/project-Huma-volve-Laravel/grocery-training-project-round-2/vendor/laravel/framework/src/Illuminate/Routing/Router.php(748): Illuminate\\Routing\\Router->runRoute()
#63 /home/mohammed-ouais/project-Huma-volve-Laravel/grocery-training-project-round-2/vendor/laravel/framework/src/Illuminate/Routing/Router.php(737): Illuminate\\Routing\\Router->dispatchToRoute()
#64 /home/mohammed-ouais/project-Huma-volve-Laravel/grocery-training-project-round-2/vendor/laravel/framework/src/Illuminate/Foundation/Http/Kernel.php(200): Illuminate\\Routing\\Router->dispatch()
#65 /home/mohammed-ouais/project-Huma-volve-Laravel/grocery-training-project-round-2/vendor/laravel/framework/src/Illuminate/Pipeline/Pipeline.php(144): Illuminate\\Foundation\\Http\\Kernel->Illuminate\\Foundation\\Http\\{closure}()
#66 /home/mohammed-ouais/project-Huma-volve-Laravel/grocery-training-project-round-2/vendor/livewire/livewire/src/Features/SupportDisablingBackButtonCache/DisableBackButtonCacheMiddleware.php(19): Illuminate\\Pipeline\\Pipeline->Illuminate\\Pipeline\\{closure}()
#67 /home/mohammed-ouais/project-Huma-volve-Laravel/grocery-training-project-round-2/vendor/laravel/framework/src/Illuminate/Pipeline/Pipeline.php(183): Livewire\\Features\\SupportDisablingBackButtonCache\\DisableBackButtonCacheMiddleware->handle()
#68 /home/mohammed-ouais/project-Huma-volve-Laravel/grocery-training-project-round-2/vendor/laravel/framework/src/Illuminate/Foundation/Http/Middleware/TransformsRequest.php(21): Illuminate\\Pipeline\\Pipeline->Illuminate\\Pipeline\\{closure}()
#69 /home/mohammed-ouais/project-Huma-volve-Laravel/grocery-training-project-round-2/vendor/laravel/framework/src/Illuminate/Foundation/Http/Middleware/ConvertEmptyStringsToNull.php(31): Illuminate\\Foundation\\Http\\Middleware\\TransformsRequest->handle()
#70 /home/mohammed-ouais/project-Huma-volve-Laravel/grocery-training-project-round-2/vendor/laravel/framework/src/Illuminate/Pipeline/Pipeline.php(183): Illuminate\\Foundation\\Http\\Middleware\\ConvertEmptyStringsToNull->handle()
#71 /home/mohammed-ouais/project-Huma-volve-Laravel/grocery-training-project-round-2/vendor/laravel/framework/src/Illuminate/Foundation/Http/Middleware/TransformsRequest.php(21): Illuminate\\Pipeline\\Pipeline->Illuminate\\Pipeline\\{closure}()
#72 /home/mohammed-ouais/project-Huma-volve-Laravel/grocery-training-project-round-2/vendor/laravel/framework/src/Illuminate/Foundation/Http/Middleware/TrimStrings.php(40): Illuminate\\Foundation\\Http\\Middleware\\TransformsRequest->handle()
#73 /home/mohammed-ouais/project-Huma-volve-Laravel/grocery-training-project-round-2/vendor/laravel/framework/src/Illuminate/Pipeline/Pipeline.php(183): Illuminate\\Foundation\\Http\\Middleware\\TrimStrings->handle()
#74 /home/mohammed-ouais/project-Huma-volve-Laravel/grocery-training-project-round-2/vendor/laravel/framework/src/Illuminate/Foundation/Http/Middleware/ValidatePostSize.php(27): Illuminate\\Pipeline\\Pipeline->Illuminate\\Pipeline\\{closure}()
#75 /home/mohammed-ouais/project-Huma-volve-Laravel/grocery-training-project-round-2/vendor/laravel/framework/src/Illuminate/Pipeline/Pipeline.php(183): Illuminate\\Foundation\\Http\\Middleware\\ValidatePostSize->handle()
#76 /home/mohammed-ouais/project-Huma-volve-Laravel/grocery-training-project-round-2/vendor/laravel/framework/src/Illuminate/Foundation/Http/Middleware/PreventRequestsDuringMaintenance.php(99): Illuminate\\Pipeline\\Pipeline->Illuminate\\Pipeline\\{closure}()
#77 /home/mohammed-ouais/project-Huma-volve-Laravel/grocery-training-project-round-2/vendor/laravel/framework/src/Illuminate/Pipeline/Pipeline.php(183): Illuminate\\Foundation\\Http\\Middleware\\PreventRequestsDuringMaintenance->handle()
#78 /home/mohammed-ouais/project-Huma-volve-Laravel/grocery-training-project-round-2/vendor/laravel/framework/src/Illuminate/Http/Middleware/HandleCors.php(49): Illuminate\\Pipeline\\Pipeline->Illuminate\\Pipeline\\{closure}()
#79 /home/mohammed-ouais/project-Huma-volve-Laravel/grocery-training-project-round-2/vendor/laravel/framework/src/Illuminate/Pipeline/Pipeline.php(183): Illuminate\\Http\\Middleware\\HandleCors->handle()
#80 /home/mohammed-ouais/project-Huma-volve-Laravel/grocery-training-project-round-2/vendor/laravel/framework/src/Illuminate/Http/Middleware/TrustProxies.php(39): Illuminate\\Pipeline\\Pipeline->Illuminate\\Pipeline\\{closure}()
#81 /home/mohammed-ouais/project-Huma-volve-Laravel/grocery-training-project-round-2/vendor/laravel/framework/src/Illuminate/Pipeline/Pipeline.php(183): Illuminate\\Http\\Middleware\\TrustProxies->handle()
#82 /home/mohammed-ouais/project-Huma-volve-Laravel/grocery-training-project-round-2/vendor/laravel/framework/src/Illuminate/Pipeline/Pipeline.php(119): Illuminate\\Pipeline\\Pipeline->Illuminate\\Pipeline\\{closure}()
#83 /home/mohammed-ouais/project-Huma-volve-Laravel/grocery-training-project-round-2/vendor/laravel/framework/src/Illuminate/Foundation/Http/Kernel.php(175): Illuminate\\Pipeline\\Pipeline->then()
#84 /home/mohammed-ouais/project-Huma-volve-Laravel/grocery-training-project-round-2/vendor/laravel/framework/src/Illuminate/Foundation/Http/Kernel.php(144): Illuminate\\Foundation\\Http\\Kernel->sendRequestThroughRouter()
#85 /home/mohammed-ouais/project-Huma-volve-Laravel/grocery-training-project-round-2/public/index.php(51): Illuminate\\Foundation\\Http\\Kernel->handle()
#86 /home/mohammed-ouais/project-Huma-volve-Laravel/grocery-training-project-round-2/vendor/laravel/framework/src/Illuminate/Foundation/resources/server.php(16): require_once('...')
#87 {main}
"} 
[2026-08-07 07:20:34] local.ERROR: Cannot declare class App\Http\Controllers\Api\Admin\AdminOrderController, because the name is already in use {"exception":"[object] (Symfony\\Component\\ErrorHandler\\Error\\FatalError(code: 0): Cannot declare class App\\Http\\Controllers\\Api\\Admin\\AdminOrderController, because the name is already in use at /home/mohammed-ouais/project-Huma-volve-Laravel/grocery-training-project-round-2/app/Http/Controllers/Admin/AdminOrderController.php:17)
[stacktrace]
#0 {main}
"} 
[2026-08-07 07:20:40] local.ERROR: Cannot declare class App\Http\Controllers\Api\Admin\AdminProductController, because the name is already in use {"exception":"[object] (Symfony\\Component\\ErrorHandler\\Error\\FatalError(code: 0): Cannot declare class App\\Http\\Controllers\\Api\\Admin\\AdminProductController, because the name is already in use at /home/mohammed-ouais/project-Huma-volve-Laravel/grocery-training-project-round-2/app/Http/Controllers/Admin/AdminProductController.php:23)
[stacktrace]
#0 {main}
"} 
[2026-08-07 07:20:41] local.ERROR: Cannot declare class App\Http\Controllers\Api\Admin\AdminCategoryController, because the name is already in use {"exception":"[object] (Symfony\\Component\\ErrorHandler\\Error\\FatalError(code: 0): Cannot declare class App\\Http\\Controllers\\Api\\Admin\\AdminCategoryController, because the name is already in use at /home/mohammed-ouais/project-Huma-volve-Laravel/grocery-training-project-round-2/app/Http/Controllers/Admin/AdminCategoryController.php:17)
[stacktrace]
#0 {main}
"} 
[2026-08-07 07:20:44] local.ERROR: Cannot declare class App\Http\Controllers\Api\Admin\AdminOfferController, because the name is already in use {"exception":"[object] (Symfony\\Component\\ErrorHandler\\Error\\FatalError(code: 0): Cannot declare class App\\Http\\Controllers\\Api\\Admin\\AdminOfferController, because the name is already in use at /home/mohammed-ouais/project-Huma-volve-Laravel/grocery-training-project-round-2/app/Http/Controllers/Admin/AdminOfferController.php:17)
[stacktrace]
#0 {main}
"} 
[2026-08-07 07:22:46] local.ERROR: Cannot declare class App\Http\Controllers\Api\Admin\AdminReviewController, because the name is already in use {"exception":"[object] (Symfony\\Component\\ErrorHandler\\Error\\FatalError(code: 0): Cannot declare class App\\Http\\Controllers\\Api\\Admin\\AdminReviewController, because the name is already in use at /home/mohammed-ouais/project-Huma-volve-Laravel/grocery-training-project-round-2/app/Http/Controllers/Admin/AdminReviewController.php:17)
[stacktrace]
#0 {main}
"} 
[2026-08-07 07:22:48] local.ERROR: Cannot declare class App\Http\Controllers\Api\Admin\AdminContactController, because the name is already in use {"exception":"[object] (Symfony\\Component\\ErrorHandler\\Error\\FatalError(code: 0): Cannot declare class App\\Http\\Controllers\\Api\\Admin\\AdminContactController, because the name is already in use at /home/mohammed-ouais/project-Huma-volve-Laravel/grocery-training-project-round-2/app/Http/Controllers/Admin/AdminContactController.php:18)
[stacktrace]
#0 {main}
"} 
[2026-08-07 07:22:57] local.ERROR: Cannot declare class App\Http\Controllers\Api\Admin\AdminSettingController, because the name is already in use {"exception":"[object] (Symfony\\Component\\ErrorHandler\\Error\\FatalError(code: 0): Cannot declare class App\\Http\\Controllers\\Api\\Admin\\AdminSettingController, because the name is already in use at /home/mohammed-ouais/project-Huma-volve-Laravel/grocery-training-project-round-2/app/Http/Controllers/Admin/AdminSettingController.php:14)
[stacktrace]
#0 {main}
"} 
[2026-08-07 07:23:06] local.ERROR: Cannot declare class App\Http\Controllers\Api\Admin\AdminSettingController, because the name is already in use {"exception":"[object] (Symfony\\Component\\ErrorHandler\\Error\\FatalError(code: 0): Cannot declare class App\\Http\\Controllers\\Api\\Admin\\AdminSettingController, because the name is already in use at /home/mohammed-ouais/project-Huma-volve-Laravel/grocery-training-project-round-2/app/Http/Controllers/Admin/AdminSettingController.php:14)
[stacktrace]
#0 {main}
"} 
[2026-08-07 07:25:14] local.ERROR: Route [filament.admin.resources.users.index] not defined. {"userId":2,"exception":"[object] (Symfony\\Component\\Routing\\Exception\\RouteNotFoundException(code: 0): Route [filament.admin.resources.users.index] not defined. at /home/mohammed-ouais/project-Huma-volve-Laravel/grocery-training-project-round-2/vendor/laravel/framework/src/Illuminate/Routing/UrlGenerator.php:477)
[stacktrace]
#0 /home/mohammed-ouais/project-Huma-volve-Laravel/grocery-training-project-round-2/vendor/laravel/framework/src/Illuminate/Foundation/helpers.php(811): Illuminate\\Routing\\UrlGenerator->route()
#1 /home/mohammed-ouais/project-Huma-volve-Laravel/grocery-training-project-round-2/vendor/filament/filament/src/Resources/Resource.php(701): route()
#2 /home/mohammed-ouais/project-Huma-volve-Laravel/grocery-training-project-round-2/vendor/filament/filament/src/Resources/Pages/EditRecord.php(320): Filament\\Resources\\Resource::getUrl()
#3 /home/mohammed-ouais/project-Huma-volve-Laravel/grocery-training-project-round-2/vendor/filament/filament/src/Resources/Pages/EditRecord.php(270): Filament\\Resources\\Pages\\EditRecord->configureDeleteAction()
#4 /home/mohammed-ouais/project-Huma-volve-Laravel/grocery-training-project-round-2/vendor/filament/support/src/Components/ComponentManager.php(98): Filament\\Resources\\Pages\\EditRecord->configureAction()
#5 /home/mohammed-ouais/project-Huma-volve-Laravel/grocery-training-project-round-2/vendor/filament/support/src/Concerns/Configurable.php(22): Filament\\Support\\Components\\ComponentManager->configure()
#6 /home/mohammed-ouais/project-Huma-volve-Laravel/grocery-training-project-round-2/vendor/filament/actions/src/StaticAction.php(68): Filament\\Support\\Components\\Component->configure()
#7 /home/mohammed-ouais/project-Huma-volve-Laravel/grocery-training-project-round-2/app/Filament/Resources/UserResource/Pages/EditUser.php(16): Filament\\Actions\\StaticAction::make()
#8 /home/mohammed-ouais/project-Huma-volve-Laravel/grocery-training-project-round-2/vendor/filament/filament/src/Pages/Concerns/InteractsWithHeaderActions.php(27): App\\Filament\\Resources\\UserResource\\Pages\\EditUser->getHeaderActions()
#9 /home/mohammed-ouais/project-Huma-volve-Laravel/grocery-training-project-round-2/vendor/filament/support/src/Components/ComponentManager.php(80): Filament\\Pages\\Page->Filament\\Pages\\Concerns\\{closure}()
#10 /home/mohammed-ouais/project-Huma-volve-Laravel/grocery-training-project-round-2/vendor/filament/support/src/Concerns/Configurable.php(12): Filament\\Support\\Components\\ComponentManager->configureUsing()
#11 /home/mohammed-ouais/project-Huma-volve-Laravel/grocery-training-project-round-2/vendor/filament/filament/src/Pages/Concerns/InteractsWithHeaderActions.php(25): Filament\\Support\\Components\\Component::configureUsing()
#12 /home/mohammed-ouais/project-Huma-volve-Laravel/grocery-training-project-round-2/vendor/filament/filament/src/Pages/Concerns/InteractsWithHeaderActions.php(19): Filament\\Pages\\Page->cacheHeaderActions()
#13 /home/mohammed-ouais/project-Huma-volve-Laravel/grocery-training-project-round-2/vendor/laravel/framework/src/Illuminate/Container/BoundMethod.php(36): Filament\\Pages\\Page->bootedInteractsWithHeaderActions()
#14 /home/mohammed-ouais/project-Huma-volve-Laravel/grocery-training-project-round-2/vendor/laravel/framework/src/Illuminate/Container/Util.php(41): Illuminate\\Container\\BoundMethod::Illuminate\\Container\\{closure}()
#15 /home/mohammed-ouais/project-Huma-volve-Laravel/grocery-training-project-round-2/vendor/laravel/framework/src/Illuminate/Container/BoundMethod.php(93): Illuminate\\Container\\Util::unwrapIfClosure()
#16 /home/mohammed-ouais/project-Huma-volve-Laravel/grocery-training-project-round-2/vendor/laravel/framework/src/Illuminate/Container/BoundMethod.php(35): Illuminate\\Container\\BoundMethod::callBoundMethod()
#17 /home/mohammed-ouais/project-Huma-volve-Laravel/grocery-training-project-round-2/vendor/livewire/livewire/src/Wrapped.php(23): Illuminate\\Container\\BoundMethod::call()
#18 /home/mohammed-ouais/project-Huma-volve-Laravel/grocery-training-project-round-2/vendor/livewire/livewire/src/Features/SupportLifecycleHooks/SupportLifecycleHooks.php(144): Livewire\\Wrapped->__call()
#19 /home/mohammed-ouais/project-Huma-volve-Laravel/grocery-training-project-round-2/vendor/livewire/livewire/src/Features/SupportLifecycleHooks/SupportLifecycleHooks.php(24): Livewire\\Features\\SupportLifecycleHooks\\SupportLifecycleHooks->callTraitHook()
#20 /home/mohammed-ouais/project-Huma-volve-Laravel/grocery-training-project-round-2/vendor/livewire/livewire/src/ComponentHook.php(19): Livewire\\Features\\SupportLifecycleHooks\\SupportLifecycleHooks->mount()
#21 /home/mohammed-ouais/project-Huma-volve-Laravel/grocery-training-project-round-2/vendor/livewire/livewire/src/ComponentHookRegistry.php(45): Livewire\\ComponentHook->callMount()
#22 /home/mohammed-ouais/project-Huma-volve-Laravel/grocery-training-project-round-2/vendor/livewire/livewire/src/EventBus.php(60): Livewire\\ComponentHookRegistry::Livewire\\{closure}()
#23 /home/mohammed-ouais/project-Huma-volve-Laravel/grocery-training-project-round-2/vendor/livewire/livewire/src/helpers.php(98): Livewire\\EventBus->trigger()
#24 /home/mohammed-ouais/project-Huma-volve-Laravel/grocery-training-project-round-2/vendor/livewire/livewire/src/Mechanisms/HandleComponents/HandleComponents.php(50): Livewire\\trigger()
#25 /home/mohammed-ouais/project-Huma-volve-Laravel/grocery-training-project-round-2/vendor/livewire/livewire/src/LivewireManager.php(73): Livewire\\Mechanisms\\HandleComponents\\HandleComponents->mount()
#26 /home/mohammed-ouais/project-Huma-volve-Laravel/grocery-training-project-round-2/vendor/livewire/livewire/src/Features/SupportPageComponents/HandlesPageComponents.php(17): Livewire\\LivewireManager->mount()
#27 /home/mohammed-ouais/project-Huma-volve-Laravel/grocery-training-project-round-2/vendor/livewire/livewire/src/Features/SupportPageComponents/SupportPageComponents.php(117): Livewire\\Component->Livewire\\Features\\SupportPageComponents\\{closure}()
#28 /home/mohammed-ouais/project-Huma-volve-Laravel/grocery-training-project-round-2/vendor/livewire/livewire/src/Features/SupportPageComponents/HandlesPageComponents.php(14): Livewire\\Features\\SupportPageComponents\\SupportPageComponents::interceptTheRenderOfTheComponentAndRetreiveTheLayoutConfiguration()
#29 /home/mohammed-ouais/project-Huma-volve-Laravel/grocery-training-project-round-2/vendor/laravel/framework/src/Illuminate/Routing/ControllerDispatcher.php(46): Livewire\\Component->__invoke()
#30 /home/mohammed-ouais/project-Huma-volve-Laravel/grocery-training-project-round-2/vendor/laravel/framework/src/Illuminate/Routing/Route.php(259): Illuminate\\Routing\\ControllerDispatcher->dispatch()
#31 /home/mohammed-ouais/project-Huma-volve-Laravel/grocery-training-project-round-2/vendor/laravel/framework/src/Illuminate/Routing/Route.php(205): Illuminate\\Routing\\Route->runController()
#32 /home/mohammed-ouais/project-Huma-volve-Laravel/grocery-training-project-round-2/vendor/laravel/framework/src/Illuminate/Routing/Router.php(806): Illuminate\\Routing\\Route->run()
#33 /home/mohammed-ouais/project-Huma-volve-Laravel/grocery-training-project-round-2/vendor/laravel/framework/src/Illuminate/Pipeline/Pipeline.php(144): Illuminate\\Routing\\Router->Illuminate\\Routing\\{closure}()
#34 /home/mohammed-ouais/project-Huma-volve-Laravel/grocery-training-project-round-2/app/Http/Middleware/EnsureUserIsAdmin.php(33): Illuminate\\Pipeline\\Pipeline->Illuminate\\Pipeline\\{closure}()
#35 /home/mohammed-ouais/project-Huma-volve-Laravel/grocery-training-project-round-2/vendor/laravel/framework/src/Illuminate/Pipeline/Pipeline.php(183): App\\Http\\Middleware\\EnsureUserIsAdmin->handle()
#36 /home/mohammed-ouais/project-Huma-volve-Laravel/grocery-training-project-round-2/vendor/filament/filament/src/Http/Middleware/DispatchServingFilamentEvent.php(15): Illuminate\\Pipeline\\Pipeline->Illuminate\\Pipeline\\{closure}()
#37 /home/mohammed-ouais/project-Huma-volve-Laravel/grocery-training-project-round-2/vendor/laravel/framework/src/Illuminate/Pipeline/Pipeline.php(183): Filament\\Http\\Middleware\\DispatchServingFilamentEvent->handle()
#38 /home/mohammed-ouais/project-Huma-volve-Laravel/grocery-training-project-round-2/vendor/filament/filament/src/Http/Middleware/DisableBladeIconComponents.php(14): Illuminate\\Pipeline\\Pipeline->Illuminate\\Pipeline\\{closure}()
#39 /home/mohammed-ouais/project-Huma-volve-Laravel/grocery-training-project-round-2/vendor/laravel/framework/src/Illuminate/Pipeline/Pipeline.php(183): Filament\\Http\\Middleware\\DisableBladeIconComponents->handle()
#40 /home/mohammed-ouais/project-Huma-volve-Laravel/grocery-training-project-round-2/vendor/laravel/framework/src/Illuminate/Routing/Middleware/SubstituteBindings.php(50): Illuminate\\Pipeline\\Pipeline->Illuminate\\Pipeline\\{closure}()
#41 /home/mohammed-ouais/project-Huma-volve-Laravel/grocery-training-project-round-2/vendor/laravel/framework/src/Illuminate/Pipeline/Pipeline.php(183): Illuminate\\Routing\\Middleware\\SubstituteBindings->handle()
#42 /home/mohammed-ouais/project-Huma-volve-Laravel/grocery-training-project-round-2/vendor/laravel/framework/src/Illuminate/Foundation/Http/Middleware/VerifyCsrfToken.php(78): Illuminate\\Pipeline\\Pipeline->Illuminate\\Pipeline\\{closure}()
#43 /home/mohammed-ouais/project-Huma-volve-Laravel/grocery-training-project-round-2/vendor/laravel/framework/src/Illuminate/Pipeline/Pipeline.php(183): Illuminate\\Foundation\\Http\\Middleware\\VerifyCsrfToken->handle()
#44 /home/mohammed-ouais/project-Huma-volve-Laravel/grocery-training-project-round-2/vendor/laravel/framework/src/Illuminate/Session/Middleware/AuthenticateSession.php(60): Illuminate\\Pipeline\\Pipeline->Illuminate\\Pipeline\\{closure}()
#45 /home/mohammed-ouais/project-Huma-volve-Laravel/grocery-training-project-round-2/vendor/laravel/framework/src/Illuminate/Pipeline/Pipeline.php(183): Illuminate\\Session\\Middleware\\AuthenticateSession->handle()
#46 /home/mohammed-ouais/project-Huma-volve-Laravel/grocery-training-project-round-2/vendor/laravel/framework/src/Illuminate/Auth/Middleware/Authenticate.php(57): Illuminate\\Pipeline\\Pipeline->Illuminate\\Pipeline\\{closure}()
#47 /home/mohammed-ouais/project-Huma-volve-Laravel/grocery-training-project-round-2/vendor/laravel/framework/src/Illuminate/Pipeline/Pipeline.php(183): Illuminate\\Auth\\Middleware\\Authenticate->handle()
#48 /home/mohammed-ouais/project-Huma-volve-Laravel/grocery-training-project-round-2/vendor/laravel/framework/src/Illuminate/View/Middleware/ShareErrorsFromSession.php(49): Illuminate\\Pipeline\\Pipeline->Illuminate\\Pipeline\\{closure}()
#49 /home/mohammed-ouais/project-Huma-volve-Laravel/grocery-training-project-round-2/vendor/laravel/framework/src/Illuminate/Pipeline/Pipeline.php(183): Illuminate\\View\\Middleware\\ShareErrorsFromSession->handle()
#50 /home/mohammed-ouais/project-Huma-volve-Laravel/grocery-training-project-round-2/vendor/laravel/framework/src/Illuminate/Session/Middleware/StartSession.php(121): Illuminate\\Pipeline\\Pipeline->Illuminate\\Pipeline\\{closure}()
#51 /home/mohammed-ouais/project-Huma-volve-Laravel/grocery-training-project-round-2/vendor/laravel/framework/src/Illuminate/Session/Middleware/StartSession.php(64): Illuminate\\Session\\Middleware\\StartSession->handleStatefulRequest()
#52 /home/mohammed-ouais/project-Huma-volve-Laravel/grocery-training-project-round-2/vendor/laravel/framework/src/Illuminate/Pipeline/Pipeline.php(183): Illuminate\\Session\\Middleware\\StartSession->handle()
#53 /home/mohammed-ouais/project-Huma-volve-Laravel/grocery-training-project-round-2/vendor/laravel/framework/src/Illuminate/Cookie/Middleware/AddQueuedCookiesToResponse.php(37): Illuminate\\Pipeline\\Pipeline->Illuminate\\Pipeline\\{closure}()
#54 /home/mohammed-ouais/project-Huma-volve-Laravel/grocery-training-project-round-2/vendor/laravel/framework/src/Illuminate/Pipeline/Pipeline.php(183): Illuminate\\Cookie\\Middleware\\AddQueuedCookiesToResponse->handle()
#55 /home/mohammed-ouais/project-Huma-volve-Laravel/grocery-training-project-round-2/vendor/laravel/framework/src/Illuminate/Cookie/Middleware/EncryptCookies.php(67): Illuminate\\Pipeline\\Pipeline->Illuminate\\Pipeline\\{closure}()
#56 /home/mohammed-ouais/project-Huma-volve-Laravel/grocery-training-project-round-2/vendor/laravel/framework/src/Illuminate/Pipeline/Pipeline.php(183): Illuminate\\Cookie\\Middleware\\EncryptCookies->handle()
#57 /home/mohammed-ouais/project-Huma-volve-Laravel/grocery-training-project-round-2/vendor/filament/filament/src/Http/Middleware/SetUpPanel.php(19): Illuminate\\Pipeline\\Pipeline->Illuminate\\Pipeline\\{closure}()
#58 /home/mohammed-ouais/project-Huma-volve-Laravel/grocery-training-project-round-2/vendor/laravel/framework/src/Illuminate/Pipeline/Pipeline.php(183): Filament\\Http\\Middleware\\SetUpPanel->handle()
#59 /home/mohammed-ouais/project-Huma-volve-Laravel/grocery-training-project-round-2/vendor/laravel/framework/src/Illuminate/Pipeline/Pipeline.php(119): Illuminate\\Pipeline\\Pipeline->Illuminate\\Pipeline\\{closure}()
#60 /home/mohammed-ouais/project-Huma-volve-Laravel/grocery-training-project-round-2/vendor/laravel/framework/src/Illuminate/Routing/Router.php(805): Illuminate\\Pipeline\\Pipeline->then()
#61 /home/mohammed-ouais/project-Huma-volve-Laravel/grocery-training-project-round-2/vendor/laravel/framework/src/Illuminate/Routing/Router.php(784): Illuminate\\Routing\\Router->runRouteWithinStack()
#62 /home/mohammed-ouais/project-Huma-volve-Laravel/grocery-training-project-round-2/vendor/laravel/framework/src/Illuminate/Routing/Router.php(748): Illuminate\\Routing\\Router->runRoute()
#63 /home/mohammed-ouais/project-Huma-volve-Laravel/grocery-training-project-round-2/vendor/laravel/framework/src/Illuminate/Routing/Router.php(737): Illuminate\\Routing\\Router->dispatchToRoute()
#64 /home/mohammed-ouais/project-Huma-volve-Laravel/grocery-training-project-round-2/vendor/laravel/framework/src/Illuminate/Foundation/Http/Kernel.php(200): Illuminate\\Routing\\Router->dispatch()
#65 /home/mohammed-ouais/project-Huma-volve-Laravel/grocery-training-project-round-2/vendor/laravel/framework/src/Illuminate/Pipeline/Pipeline.php(144): Illuminate\\Foundation\\Http\\Kernel->Illuminate\\Foundation\\Http\\{closure}()
#66 /home/mohammed-ouais/project-Huma-volve-Laravel/grocery-training-project-round-2/vendor/livewire/livewire/src/Features/SupportDisablingBackButtonCache/DisableBackButtonCacheMiddleware.php(19): Illuminate\\Pipeline\\Pipeline->Illuminate\\Pipeline\\{closure}()
#67 /home/mohammed-ouais/project-Huma-volve-Laravel/grocery-training-project-round-2/vendor/laravel/framework/src/Illuminate/Pipeline/Pipeline.php(183): Livewire\\Features\\SupportDisablingBackButtonCache\\DisableBackButtonCacheMiddleware->handle()
#68 /home/mohammed-ouais/project-Huma-volve-Laravel/grocery-training-project-round-2/vendor/laravel/framework/src/Illuminate/Foundation/Http/Middleware/TransformsRequest.php(21): Illuminate\\Pipeline\\Pipeline->Illuminate\\Pipeline\\{closure}()
#69 /home/mohammed-ouais/project-Huma-volve-Laravel/grocery-training-project-round-2/vendor/laravel/framework/src/Illuminate/Foundation/Http/Middleware/ConvertEmptyStringsToNull.php(31): Illuminate\\Foundation\\Http\\Middleware\\TransformsRequest->handle()
#70 /home/mohammed-ouais/project-Huma-volve-Laravel/grocery-training-project-round-2/vendor/laravel/framework/src/Illuminate/Pipeline/Pipeline.php(183): Illuminate\\Foundation\\Http\\Middleware\\ConvertEmptyStringsToNull->handle()
#71 /home/mohammed-ouais/project-Huma-volve-Laravel/grocery-training-project-round-2/vendor/laravel/framework/src/Illuminate/Foundation/Http/Middleware/TransformsRequest.php(21): Illuminate\\Pipeline\\Pipeline->Illuminate\\Pipeline\\{closure}()
#72 /home/mohammed-ouais/project-Huma-volve-Laravel/grocery-training-project-round-2/vendor/laravel/framework/src/Illuminate/Foundation/Http/Middleware/TrimStrings.php(40): Illuminate\\Foundation\\Http\\Middleware\\TransformsRequest->handle()
#73 /home/mohammed-ouais/project-Huma-volve-Laravel/grocery-training-project-round-2/vendor/laravel/framework/src/Illuminate/Pipeline/Pipeline.php(183): Illuminate\\Foundation\\Http\\Middleware\\TrimStrings->handle()
#74 /home/mohammed-ouais/project-Huma-volve-Laravel/grocery-training-project-round-2/vendor/laravel/framework/src/Illuminate/Foundation/Http/Middleware/ValidatePostSize.php(27): Illuminate\\Pipeline\\Pipeline->Illuminate\\Pipeline\\{closure}()
#75 /home/mohammed-ouais/project-Huma-volve-Laravel/grocery-training-project-round-2/vendor/laravel/framework/src/Illuminate/Pipeline/Pipeline.php(183): Illuminate\\Foundation\\Http\\Middleware\\ValidatePostSize->handle()
#76 /home/mohammed-ouais/project-Huma-volve-Laravel/grocery-training-project-round-2/vendor/laravel/framework/src/Illuminate/Foundation/Http/Middleware/PreventRequestsDuringMaintenance.php(99): Illuminate\\Pipeline\\Pipeline->Illuminate\\Pipeline\\{closure}()
#77 /home/mohammed-ouais/project-Huma-volve-Laravel/grocery-training-project-round-2/vendor/laravel/framework/src/Illuminate/Pipeline/Pipeline.php(183): Illuminate\\Foundation\\Http\\Middleware\\PreventRequestsDuringMaintenance->handle()
#78 /home/mohammed-ouais/project-Huma-volve-Laravel/grocery-training-project-round-2/vendor/laravel/framework/src/Illuminate/Http/Middleware/HandleCors.php(49): Illuminate\\Pipeline\\Pipeline->Illuminate\\Pipeline\\{closure}()
#79 /home/mohammed-ouais/project-Huma-volve-Laravel/grocery-training-project-round-2/vendor/laravel/framework/src/Illuminate/Pipeline/Pipeline.php(183): Illuminate\\Http\\Middleware\\HandleCors->handle()
#80 /home/mohammed-ouais/project-Huma-volve-Laravel/grocery-training-project-round-2/vendor/laravel/framework/src/Illuminate/Http/Middleware/TrustProxies.php(39): Illuminate\\Pipeline\\Pipeline->Illuminate\\Pipeline\\{closure}()
#81 /home/mohammed-ouais/project-Huma-volve-Laravel/grocery-training-project-round-2/vendor/laravel/framework/src/Illuminate/Pipeline/Pipeline.php(183): Illuminate\\Http\\Middleware\\TrustProxies->handle()
#82 /home/mohammed-ouais/project-Huma-volve-Laravel/grocery-training-project-round-2/vendor/laravel/framework/src/Illuminate/Pipeline/Pipeline.php(119): Illuminate\\Pipeline\\Pipeline->Illuminate\\Pipeline\\{closure}()
#83 /home/mohammed-ouais/project-Huma-volve-Laravel/grocery-training-project-round-2/vendor/laravel/framework/src/Illuminate/Foundation/Http/Kernel.php(175): Illuminate\\Pipeline\\Pipeline->then()
#84 /home/mohammed-ouais/project-Huma-volve-Laravel/grocery-training-project-round-2/vendor/laravel/framework/src/Illuminate/Foundation/Http/Kernel.php(144): Illuminate\\Foundation\\Http\\Kernel->sendRequestThroughRouter()
#85 /home/mohammed-ouais/project-Huma-volve-Laravel/grocery-training-project-round-2/public/index.php(51): Illuminate\\Foundation\\Http\\Kernel->handle()
#86 /home/mohammed-ouais/project-Huma-volve-Laravel/grocery-training-project-round-2/vendor/laravel/framework/src/Illuminate/Foundation/resources/server.php(16): require_once('...')
#87 {main}
"} 
[2026-08-07 07:30:38] local.ERROR: View [welcome] not found. {"exception":"[object] (InvalidArgumentException(code: 0): View [welcome] not found. at /home/mohammed-ouais/project-Huma-volve-Laravel/grocery-training-project-round-2/vendor/laravel/framework/src/Illuminate/View/FileViewFinder.php:137)
[stacktrace]
#0 /home/mohammed-ouais/project-Huma-volve-Laravel/grocery-training-project-round-2/vendor/laravel/framework/src/Illuminate/View/FileViewFinder.php(79): Illuminate\\View\\FileViewFinder->findInPaths()
#1 /home/mohammed-ouais/project-Huma-volve-Laravel/grocery-training-project-round-2/vendor/laravel/framework/src/Illuminate/View/Factory.php(137): Illuminate\\View\\FileViewFinder->find()
#2 /home/mohammed-ouais/project-Huma-volve-Laravel/grocery-training-project-round-2/vendor/laravel/framework/src/Illuminate/Foundation/helpers.php(1020): Illuminate\\View\\Factory->make()
#3 /home/mohammed-ouais/project-Huma-volve-Laravel/grocery-training-project-round-2/routes/web.php(24): view()
#4 /home/mohammed-ouais/project-Huma-volve-Laravel/grocery-training-project-round-2/vendor/laravel/framework/src/Illuminate/Routing/CallableDispatcher.php(40): Illuminate\\Routing\\RouteFileRegistrar->{closure}()
#5 /home/mohammed-ouais/project-Huma-volve-Laravel/grocery-training-project-round-2/vendor/laravel/framework/src/Illuminate/Routing/Route.php(237): Illuminate\\Routing\\CallableDispatcher->dispatch()
#6 /home/mohammed-ouais/project-Huma-volve-Laravel/grocery-training-project-round-2/vendor/laravel/framework/src/Illuminate/Routing/Route.php(208): Illuminate\\Routing\\Route->runCallable()
#7 /home/mohammed-ouais/project-Huma-volve-Laravel/grocery-training-project-round-2/vendor/laravel/framework/src/Illuminate/Routing/Router.php(806): Illuminate\\Routing\\Route->run()
#8 /home/mohammed-ouais/project-Huma-volve-Laravel/grocery-training-project-round-2/vendor/laravel/framework/src/Illuminate/Pipeline/Pipeline.php(144): Illuminate\\Routing\\Router->Illuminate\\Routing\\{closure}()
#9 /home/mohammed-ouais/project-Huma-volve-Laravel/grocery-training-project-round-2/vendor/laravel/framework/src/Illuminate/Routing/Middleware/SubstituteBindings.php(50): Illuminate\\Pipeline\\Pipeline->Illuminate\\Pipeline\\{closure}()
#10 /home/mohammed-ouais/project-Huma-volve-Laravel/grocery-training-project-round-2/vendor/laravel/framework/src/Illuminate/Pipeline/Pipeline.php(183): Illuminate\\Routing\\Middleware\\SubstituteBindings->handle()
#11 /home/mohammed-ouais/project-Huma-volve-Laravel/grocery-training-project-round-2/vendor/laravel/framework/src/Illuminate/Foundation/Http/Middleware/VerifyCsrfToken.php(78): Illuminate\\Pipeline\\Pipeline->Illuminate\\Pipeline\\{closure}()
#12 /home/mohammed-ouais/project-Huma-volve-Laravel/grocery-training-project-round-2/vendor/laravel/framework/src/Illuminate/Pipeline/Pipeline.php(183): Illuminate\\Foundation\\Http\\Middleware\\VerifyCsrfToken->handle()
#13 /home/mohammed-ouais/project-Huma-volve-Laravel/grocery-training-project-round-2/vendor/laravel/framework/src/Illuminate/View/Middleware/ShareErrorsFromSession.php(49): Illuminate\\Pipeline\\Pipeline->Illuminate\\Pipeline\\{closure}()
#14 /home/mohammed-ouais/project-Huma-volve-Laravel/grocery-training-project-round-2/vendor/laravel/framework/src/Illuminate/Pipeline/Pipeline.php(183): Illuminate\\View\\Middleware\\ShareErrorsFromSession->handle()
#15 /home/mohammed-ouais/project-Huma-volve-Laravel/grocery-training-project-round-2/vendor/laravel/framework/src/Illuminate/Session/Middleware/StartSession.php(121): Illuminate\\Pipeline\\Pipeline->Illuminate\\Pipeline\\{closure}()
#16 /home/mohammed-ouais/project-Huma-volve-Laravel/grocery-training-project-round-2/vendor/laravel/framework/src/Illuminate/Session/Middleware/StartSession.php(64): Illuminate\\Session\\Middleware\\StartSession->handleStatefulRequest()
#17 /home/mohammed-ouais/project-Huma-volve-Laravel/grocery-training-project-round-2/vendor/laravel/framework/src/Illuminate/Pipeline/Pipeline.php(183): Illuminate\\Session\\Middleware\\StartSession->handle()
#18 /home/mohammed-ouais/project-Huma-volve-Laravel/grocery-training-project-round-2/vendor/laravel/framework/src/Illuminate/Cookie/Middleware/AddQueuedCookiesToResponse.php(37): Illuminate\\Pipeline\\Pipeline->Illuminate\\Pipeline\\{closure}()
#19 /home/mohammed-ouais/project-Huma-volve-Laravel/grocery-training-project-round-2/vendor/laravel/framework/src/Illuminate/Pipeline/Pipeline.php(183): Illuminate\\Cookie\\Middleware\\AddQueuedCookiesToResponse->handle()
#20 /home/mohammed-ouais/project-Huma-volve-Laravel/grocery-training-project-round-2/vendor/laravel/framework/src/Illuminate/Cookie/Middleware/EncryptCookies.php(67): Illuminate\\Pipeline\\Pipeline->Illuminate\\Pipeline\\{closure}()
#21 /home/mohammed-ouais/project-Huma-volve-Laravel/grocery-training-project-round-2/vendor/laravel/framework/src/Illuminate/Pipeline/Pipeline.php(183): Illuminate\\Cookie\\Middleware\\EncryptCookies->handle()
#22 /home/mohammed-ouais/project-Huma-volve-Laravel/grocery-training-project-round-2/vendor/laravel/framework/src/Illuminate/Pipeline/Pipeline.php(119): Illuminate\\Pipeline\\Pipeline->Illuminate\\Pipeline\\{closure}()
#23 /home/mohammed-ouais/project-Huma-volve-Laravel/grocery-training-project-round-2/vendor/laravel/framework/src/Illuminate/Routing/Router.php(805): Illuminate\\Pipeline\\Pipeline->then()
#24 /home/mohammed-ouais/project-Huma-volve-Laravel/grocery-training-project-round-2/vendor/laravel/framework/src/Illuminate/Routing/Router.php(784): Illuminate\\Routing\\Router->runRouteWithinStack()
#25 /home/mohammed-ouais/project-Huma-volve-Laravel/grocery-training-project-round-2/vendor/laravel/framework/src/Illuminate/Routing/Router.php(748): Illuminate\\Routing\\Router->runRoute()
#26 /home/mohammed-ouais/project-Huma-volve-Laravel/grocery-training-project-round-2/vendor/laravel/framework/src/Illuminate/Routing/Router.php(737): Illuminate\\Routing\\Router->dispatchToRoute()
#27 /home/mohammed-ouais/project-Huma-volve-Laravel/grocery-training-project-round-2/vendor/laravel/framework/src/Illuminate/Foundation/Http/Kernel.php(200): Illuminate\\Routing\\Router->dispatch()
#28 /home/mohammed-ouais/project-Huma-volve-Laravel/grocery-training-project-round-2/vendor/laravel/framework/src/Illuminate/Pipeline/Pipeline.php(144): Illuminate\\Foundation\\Http\\Kernel->Illuminate\\Foundation\\Http\\{closure}()
#29 /home/mohammed-ouais/project-Huma-volve-Laravel/grocery-training-project-round-2/vendor/livewire/livewire/src/Features/SupportDisablingBackButtonCache/DisableBackButtonCacheMiddleware.php(19): Illuminate\\Pipeline\\Pipeline->Illuminate\\Pipeline\\{closure}()
#30 /home/mohammed-ouais/project-Huma-volve-Laravel/grocery-training-project-round-2/vendor/laravel/framework/src/Illuminate/Pipeline/Pipeline.php(183): Livewire\\Features\\SupportDisablingBackButtonCache\\DisableBackButtonCacheMiddleware->handle()
#31 /home/mohammed-ouais/project-Huma-volve-Laravel/grocery-training-project-round-2/vendor/laravel/framework/src/Illuminate/Foundation/Http/Middleware/TransformsRequest.php(21): Illuminate\\Pipeline\\Pipeline->Illuminate\\Pipeline\\{closure}()
#32 /home/mohammed-ouais/project-Huma-volve-Laravel/grocery-training-project-round-2/vendor/laravel/framework/src/Illuminate/Foundation/Http/Middleware/ConvertEmptyStringsToNull.php(31): Illuminate\\Foundation\\Http\\Middleware\\TransformsRequest->handle()
#33 /home/mohammed-ouais/project-Huma-volve-Laravel/grocery-training-project-round-2/vendor/laravel/framework/src/Illuminate/Pipeline/Pipeline.php(183): Illuminate\\Foundation\\Http\\Middleware\\ConvertEmptyStringsToNull->handle()
#34 /home/mohammed-ouais/project-Huma-volve-Laravel/grocery-training-project-round-2/vendor/laravel/framework/src/Illuminate/Foundation/Http/Middleware/TransformsRequest.php(21): Illuminate\\Pipeline\\Pipeline->Illuminate\\Pipeline\\{closure}()
#35 /home/mohammed-ouais/project-Huma-volve-Laravel/grocery-training-project-round-2/vendor/laravel/framework/src/Illuminate/Foundation/Http/Middleware/TrimStrings.php(40): Illuminate\\Foundation\\Http\\Middleware\\TransformsRequest->handle()
#36 /home/mohammed-ouais/project-Huma-volve-Laravel/grocery-training-project-round-2/vendor/laravel/framework/src/Illuminate/Pipeline/Pipeline.php(183): Illuminate\\Foundation\\Http\\Middleware\\TrimStrings->handle()
#37 /home/mohammed-ouais/project-Huma-volve-Laravel/grocery-training-project-round-2/vendor/laravel/framework/src/Illuminate/Foundation/Http/Middleware/ValidatePostSize.php(27): Illuminate\\Pipeline\\Pipeline->Illuminate\\Pipeline\\{closure}()
#38 /home/mohammed-ouais/project-Huma-volve-Laravel/grocery-training-project-round-2/vendor/laravel/framework/src/Illuminate/Pipeline/Pipeline.php(183): Illuminate\\Foundation\\Http\\Middleware\\ValidatePostSize->handle()
#39 /home/mohammed-ouais/project-Huma-volve-Laravel/grocery-training-project-round-2/vendor/laravel/framework/src/Illuminate/Foundation/Http/Middleware/PreventRequestsDuringMaintenance.php(99): Illuminate\\Pipeline\\Pipeline->Illuminate\\Pipeline\\{closure}()
#40 /home/mohammed-ouais/project-Huma-volve-Laravel/grocery-training-project-round-2/vendor/laravel/framework/src/Illuminate/Pipeline/Pipeline.php(183): Illuminate\\Foundation\\Http\\Middleware\\PreventRequestsDuringMaintenance->handle()
#41 /home/mohammed-ouais/project-Huma-volve-Laravel/grocery-training-project-round-2/vendor/laravel/framework/src/Illuminate/Http/Middleware/HandleCors.php(49): Illuminate\\Pipeline\\Pipeline->Illuminate\\Pipeline\\{closure}()
#42 /home/mohammed-ouais/project-Huma-volve-Laravel/grocery-training-project-round-2/vendor/laravel/framework/src/Illuminate/Pipeline/Pipeline.php(183): Illuminate\\Http\\Middleware\\HandleCors->handle()
#43 /home/mohammed-ouais/project-Huma-volve-Laravel/grocery-training-project-round-2/vendor/laravel/framework/src/Illuminate/Http/Middleware/TrustProxies.php(39): Illuminate\\Pipeline\\Pipeline->Illuminate\\Pipeline\\{closure}()
#44 /home/mohammed-ouais/project-Huma-volve-Laravel/grocery-training-project-round-2/vendor/laravel/framework/src/Illuminate/Pipeline/Pipeline.php(183): Illuminate\\Http\\Middleware\\TrustProxies->handle()
#45 /home/mohammed-ouais/project-Huma-volve-Laravel/grocery-training-project-round-2/vendor/laravel/framework/src/Illuminate/Pipeline/Pipeline.php(119): Illuminate\\Pipeline\\Pipeline->Illuminate\\Pipeline\\{closure}()
#46 /home/mohammed-ouais/project-Huma-volve-Laravel/grocery-training-project-round-2/vendor/laravel/framework/src/Illuminate/Foundation/Http/Kernel.php(175): Illuminate\\Pipeline\\Pipeline->then()
#47 /home/mohammed-ouais/project-Huma-volve-Laravel/grocery-training-project-round-2/vendor/laravel/framework/src/Illuminate/Foundation/Http/Kernel.php(144): Illuminate\\Foundation\\Http\\Kernel->sendRequestThroughRouter()
#48 /home/mohammed-ouais/project-Huma-volve-Laravel/grocery-training-project-round-2/public/index.php(51): Illuminate\\Foundation\\Http\\Kernel->handle()
#49 /home/mohammed-ouais/project-Huma-volve-Laravel/grocery-training-project-round-2/vendor/laravel/framework/src/Illuminate/Foundation/resources/server.php(16): require_once('...')
#50 {main}
"} 
[2026-08-07 07:32:27] local.ERROR: Cannot declare class App\Http\Middleware\EnsureUserIsAdmin, because the name is already in use {"exception":"[object] (Symfony\\Component\\ErrorHandler\\Error\\FatalError(code: 0): Cannot declare class App\\Http\\Middleware\\EnsureUserIsAdmin, because the name is already in use at /home/mohammed-ouais/project-Huma-volve-Laravel/grocery-training-project-round-2/app/Http/Middleware/AdminMiddleware.php:9)
[stacktrace]
#0 {main}
"} 
[2026-08-07 07:50:04] local.ERROR: Filament\Panel::defaultThemeMode(): Argument #1 ($mode) must be of type Filament\Enums\ThemeMode, string given, called in /home/mohammed-ouais/project-Huma-volve-Laravel/grocery-training-project-round-2/app/Providers/Filament/AdminPanelProvider.php on line 34 {"exception":"[object] (TypeError(code: 0): Filament\\Panel::defaultThemeMode(): Argument #1 ($mode) must be of type Filament\\Enums\\ThemeMode, string given, called in /home/mohammed-ouais/project-Huma-volve-Laravel/grocery-training-project-round-2/app/Providers/Filament/AdminPanelProvider.php on line 34 at /home/mohammed-ouais/project-Huma-volve-Laravel/grocery-training-project-round-2/vendor/filament/filament/src/Panel/Concerns/HasTheme.php:70)
[stacktrace]
#0 /home/mohammed-ouais/project-Huma-volve-Laravel/grocery-training-project-round-2/app/Providers/Filament/AdminPanelProvider.php(34): Filament\\Panel->defaultThemeMode()
#1 /home/mohammed-ouais/project-Huma-volve-Laravel/grocery-training-project-round-2/vendor/filament/filament/src/PanelProvider.php(15): App\\Providers\\Filament\\AdminPanelProvider->panel()
#2 /home/mohammed-ouais/project-Huma-volve-Laravel/grocery-training-project-round-2/vendor/laravel/framework/src/Illuminate/Collections/helpers.php(224): Filament\\PanelProvider->Filament\\{closure}()
#3 /home/mohammed-ouais/project-Huma-volve-Laravel/grocery-training-project-round-2/vendor/filament/filament/src/Facades/Filament.php(140): value()
#4 /home/mohammed-ouais/project-Huma-volve-Laravel/grocery-training-project-round-2/vendor/laravel/framework/src/Illuminate/Container/Container.php(1302): Filament\\Facades\\Filament::Filament\\Facades\\{closure}()
#5 /home/mohammed-ouais/project-Huma-volve-Laravel/grocery-training-project-round-2/vendor/laravel/framework/src/Illuminate/Container/Container.php(1248): Illuminate\\Container\\Container->fireCallbackArray()
#6 /home/mohammed-ouais/project-Huma-volve-Laravel/grocery-training-project-round-2/vendor/laravel/framework/src/Illuminate/Container/Container.php(813): Illuminate\\Container\\Container->fireResolvingCallbacks()
#7 /home/mohammed-ouais/project-Huma-volve-Laravel/grocery-training-project-round-2/vendor/laravel/framework/src/Illuminate/Foundation/Application.php(986): Illuminate\\Container\\Container->resolve()
#8 /home/mohammed-ouais/project-Huma-volve-Laravel/grocery-training-project-round-2/vendor/laravel/framework/src/Illuminate/Container/Container.php(731): Illuminate\\Foundation\\Application->resolve()
#9 /home/mohammed-ouais/project-Huma-volve-Laravel/grocery-training-project-round-2/vendor/laravel/framework/src/Illuminate/Foundation/Application.php(971): Illuminate\\Container\\Container->make()
#10 /home/mohammed-ouais/project-Huma-volve-Laravel/grocery-training-project-round-2/vendor/laravel/framework/src/Illuminate/Foundation/helpers.php(120): Illuminate\\Foundation\\Application->make()
#11 /home/mohammed-ouais/project-Huma-volve-Laravel/grocery-training-project-round-2/vendor/filament/filament/src/FilamentManager.php(51): app()
#12 /home/mohammed-ouais/project-Huma-volve-Laravel/grocery-training-project-round-2/vendor/filament/filament/src/FilamentServiceProvider.php(48): Filament\\FilamentManager->__construct()
#13 /home/mohammed-ouais/project-Huma-volve-Laravel/grocery-training-project-round-2/vendor/laravel/framework/src/Illuminate/Container/Container.php(908): Filament\\FilamentServiceProvider->Filament\\{closure}()
#14 /home/mohammed-ouais/project-Huma-volve-Laravel/grocery-training-project-round-2/vendor/laravel/framework/src/Illuminate/Container/Container.php(795): Illuminate\\Container\\Container->build()
#15 /home/mohammed-ouais/project-Huma-volve-Laravel/grocery-training-project-round-2/vendor/laravel/framework/src/Illuminate/Foundation/Application.php(986): Illuminate\\Container\\Container->resolve()
#16 /home/mohammed-ouais/project-Huma-volve-Laravel/grocery-training-project-round-2/vendor/laravel/framework/src/Illuminate/Container/Container.php(731): Illuminate\\Foundation\\Application->resolve()
#17 /home/mohammed-ouais/project-Huma-volve-Laravel/grocery-training-project-round-2/vendor/laravel/framework/src/Illuminate/Foundation/Application.php(971): Illuminate\\Container\\Container->make()
#18 /home/mohammed-ouais/project-Huma-volve-Laravel/grocery-training-project-round-2/vendor/laravel/framework/src/Illuminate/Container/Container.php(1454): Illuminate\\Foundation\\Application->make()
#19 /home/mohammed-ouais/project-Huma-volve-Laravel/grocery-training-project-round-2/vendor/laravel/framework/src/Illuminate/Support/Facades/Facade.php(237): Illuminate\\Container\\Container->offsetGet()
#20 /home/mohammed-ouais/project-Huma-volve-Laravel/grocery-training-project-round-2/vendor/laravel/framework/src/Illuminate/Support/Facades/Facade.php(208): Illuminate\\Support\\Facades\\Facade::resolveFacadeInstance()
#21 /home/mohammed-ouais/project-Huma-volve-Laravel/grocery-training-project-round-2/vendor/laravel/framework/src/Illuminate/Support/Facades/Facade.php(349): Illuminate\\Support\\Facades\\Facade::getFacadeRoot()
#22 /home/mohammed-ouais/project-Huma-volve-Laravel/grocery-training-project-round-2/vendor/filament/filament/routes/web.php(13): Illuminate\\Support\\Facades\\Facade::__callStatic()
#23 /home/mohammed-ouais/project-Huma-volve-Laravel/grocery-training-project-round-2/vendor/laravel/framework/src/Illuminate/Routing/Router.php(509): Illuminate\\Support\\ServiceProvider->{closure}()
#24 /home/mohammed-ouais/project-Huma-volve-Laravel/grocery-training-project-round-2/vendor/laravel/framework/src/Illuminate/Routing/Router.php(465): Illuminate\\Routing\\Router->loadRoutes()
#25 /home/mohammed-ouais/project-Huma-volve-Laravel/grocery-training-project-round-2/vendor/laravel/framework/src/Illuminate/Routing/RouteRegistrar.php(194): Illuminate\\Routing\\Router->group()
#26 /home/mohammed-ouais/project-Huma-volve-Laravel/grocery-training-project-round-2/vendor/filament/filament/routes/web.php(12): Illuminate\\Routing\\RouteRegistrar->group()
#27 /home/mohammed-ouais/project-Huma-volve-Laravel/grocery-training-project-round-2/vendor/laravel/framework/src/Illuminate/Support/ServiceProvider.php(152): require('...')
#28 /home/mohammed-ouais/project-Huma-volve-Laravel/grocery-training-project-round-2/vendor/spatie/laravel-package-tools/src/Concerns/PackageServiceProvider/ProcessRoutes.php(14): Illuminate\\Support\\ServiceProvider->loadRoutesFrom()
#29 /home/mohammed-ouais/project-Huma-volve-Laravel/grocery-training-project-round-2/vendor/spatie/laravel-package-tools/src/PackageServiceProvider.php(85): Spatie\\LaravelPackageTools\\PackageServiceProvider->bootPackageRoutes()
#30 /home/mohammed-ouais/project-Huma-volve-Laravel/grocery-training-project-round-2/vendor/laravel/framework/src/Illuminate/Container/BoundMethod.php(36): Spatie\\LaravelPackageTools\\PackageServiceProvider->boot()
#31 /home/mohammed-ouais/project-Huma-volve-Laravel/grocery-training-project-round-2/vendor/laravel/framework/src/Illuminate/Container/Util.php(41): Illuminate\\Container\\BoundMethod::Illuminate\\Container\\{closure}()
#32 /home/mohammed-ouais/project-Huma-volve-Laravel/grocery-training-project-round-2/vendor/laravel/framework/src/Illuminate/Container/BoundMethod.php(93): Illuminate\\Container\\Util::unwrapIfClosure()
#33 /home/mohammed-ouais/project-Huma-volve-Laravel/grocery-training-project-round-2/vendor/laravel/framework/src/Illuminate/Container/BoundMethod.php(35): Illuminate\\Container\\BoundMethod::callBoundMethod()
#34 /home/mohammed-ouais/project-Huma-volve-Laravel/grocery-training-project-round-2/vendor/laravel/framework/src/Illuminate/Container/Container.php(662): Illuminate\\Container\\BoundMethod::call()
#35 /home/mohammed-ouais/project-Huma-volve-Laravel/grocery-training-project-round-2/vendor/laravel/framework/src/Illuminate/Foundation/Application.php(1059): Illuminate\\Container\\Container->call()
#36 /home/mohammed-ouais/project-Huma-volve-Laravel/grocery-training-project-round-2/vendor/laravel/framework/src/Illuminate/Foundation/Application.php(1040): Illuminate\\Foundation\\Application->bootProvider()
#37 [internal function]: Illuminate\\Foundation\\Application->Illuminate\\Foundation\\{closure}()
#38 /home/mohammed-ouais/project-Huma-volve-Laravel/grocery-training-project-round-2/vendor/laravel/framework/src/Illuminate/Foundation/Application.php(1039): array_walk()
#39 /home/mohammed-ouais/project-Huma-volve-Laravel/grocery-training-project-round-2/vendor/laravel/framework/src/Illuminate/Foundation/Bootstrap/BootProviders.php(17): Illuminate\\Foundation\\Application->boot()
#40 /home/mohammed-ouais/project-Huma-volve-Laravel/grocery-training-project-round-2/vendor/laravel/framework/src/Illuminate/Foundation/Application.php(286): Illuminate\\Foundation\\Bootstrap\\BootProviders->bootstrap()
#41 /home/mohammed-ouais/project-Huma-volve-Laravel/grocery-training-project-round-2/vendor/laravel/framework/src/Illuminate/Foundation/Console/Kernel.php(447): Illuminate\\Foundation\\Application->bootstrapWith()
#42 /home/mohammed-ouais/project-Huma-volve-Laravel/grocery-training-project-round-2/vendor/laravel/framework/src/Illuminate/Foundation/Console/Kernel.php(199): Illuminate\\Foundation\\Console\\Kernel->bootstrap()
#43 /home/mohammed-ouais/project-Huma-volve-Laravel/grocery-training-project-round-2/artisan(35): Illuminate\\Foundation\\Console\\Kernel->handle()
#44 {main}
"} 
[2026-08-07 08:00:28] local.ERROR: Array to string conversion (Connection: mysql, SQL: insert into `meals` (`title`, `slug`, `description`, `price`, `discount_price`, `category_id`, `subcategory_id`, `stock_quantity`, `size`, `brand`, `is_available`, `is_featured`, `rating`, `rating_count`, `sold_count`, `features`, `updated_at`, `created_at`) values (Organic Bananas, organic-bananas, Rerum officia repellendus et voluptatem aut aliquam facere sapiente necessitatibus dolores., 41.34, ?, 6, 12, 38, ?, GreenValley, 1, 0, 2, 192, 429, ?, 2026-08-07 08:00:28, 2026-08-07 08:00:28)) {"exception":"[object] (Illuminate\\Database\\QueryException(code: 0): Array to string conversion (Connection: mysql, SQL: insert into `meals` (`title`, `slug`, `description`, `price`, `discount_price`, `category_id`, `subcategory_id`, `stock_quantity`, `size`, `brand`, `is_available`, `is_featured`, `rating`, `rating_count`, `sold_count`, `features`, `updated_at`, `created_at`) values (Organic Bananas, organic-bananas, Rerum officia repellendus et voluptatem aut aliquam facere sapiente necessitatibus dolores., 41.34, ?, 6, 12, 38, ?, GreenValley, 1, 0, 2, 192, 429, ?, 2026-08-07 08:00:28, 2026-08-07 08:00:28)) at /home/mohammed-ouais/project-Huma-volve-Laravel/grocery-training-project-round-2/vendor/laravel/framework/src/Illuminate/Database/Connection.php:829)
[stacktrace]
#0 /home/mohammed-ouais/project-Huma-volve-Laravel/grocery-training-project-round-2/vendor/laravel/framework/src/Illuminate/Database/Connection.php(783): Illuminate\\Database\\Connection->runQueryCallback()
#1 /home/mohammed-ouais/project-Huma-volve-Laravel/grocery-training-project-round-2/vendor/laravel/framework/src/Illuminate/Database/MySqlConnection.php(34): Illuminate\\Database\\Connection->run()
#2 /home/mohammed-ouais/project-Huma-volve-Laravel/grocery-training-project-round-2/vendor/laravel/framework/src/Illuminate/Database/Query/Processors/MySqlProcessor.php(35): Illuminate\\Database\\MySqlConnection->insert()
#3 /home/mohammed-ouais/project-Huma-volve-Laravel/grocery-training-project-round-2/vendor/laravel/framework/src/Illuminate/Database/Query/Builder.php(3549): Illuminate\\Database\\Query\\Processors\\MySqlProcessor->processInsertGetId()
#4 /home/mohammed-ouais/project-Huma-volve-Laravel/grocery-training-project-round-2/vendor/laravel/framework/src/Illuminate/Database/Eloquent/Builder.php(1982): Illuminate\\Database\\Query\\Builder->insertGetId()
#5 /home/mohammed-ouais/project-Huma-volve-Laravel/grocery-training-project-round-2/vendor/laravel/framework/src/Illuminate/Database/Eloquent/Model.php(1334): Illuminate\\Database\\Eloquent\\Builder->__call()
#6 /home/mohammed-ouais/project-Huma-volve-Laravel/grocery-training-project-round-2/vendor/laravel/framework/src/Illuminate/Database/Eloquent/Model.php(1299): Illuminate\\Database\\Eloquent\\Model->insertAndSetId()
#7 /home/mohammed-ouais/project-Huma-volve-Laravel/grocery-training-project-round-2/vendor/laravel/framework/src/Illuminate/Database/Eloquent/Model.php(1138): Illuminate\\Database\\Eloquent\\Model->performInsert()
#8 /home/mohammed-ouais/project-Huma-volve-Laravel/grocery-training-project-round-2/vendor/laravel/framework/src/Illuminate/Database/Eloquent/Builder.php(1025): Illuminate\\Database\\Eloquent\\Model->save()
#9 /home/mohammed-ouais/project-Huma-volve-Laravel/grocery-training-project-round-2/vendor/laravel/framework/src/Illuminate/Support/helpers.php(320): Illuminate\\Database\\Eloquent\\Builder->Illuminate\\Database\\Eloquent\\{closure}()
#10 /home/mohammed-ouais/project-Huma-volve-Laravel/grocery-training-project-round-2/vendor/laravel/framework/src/Illuminate/Database/Eloquent/Builder.php(1024): tap()
#11 /home/mohammed-ouais/project-Huma-volve-Laravel/grocery-training-project-round-2/vendor/laravel/framework/src/Illuminate/Support/Traits/ForwardsCalls.php(23): Illuminate\\Database\\Eloquent\\Builder->create()
#12 /home/mohammed-ouais/project-Huma-volve-Laravel/grocery-training-project-round-2/vendor/laravel/framework/src/Illuminate/Database/Eloquent/Model.php(2335): Illuminate\\Database\\Eloquent\\Model->forwardCallTo()
#13 /home/mohammed-ouais/project-Huma-volve-Laravel/grocery-training-project-round-2/vendor/laravel/framework/src/Illuminate/Database/Eloquent/Model.php(2347): Illuminate\\Database\\Eloquent\\Model->__call()
#14 /home/mohammed-ouais/project-Huma-volve-Laravel/grocery-training-project-round-2/database/seeders/DummyDataSeeder.php(98): Illuminate\\Database\\Eloquent\\Model::__callStatic()
#15 /home/mohammed-ouais/project-Huma-volve-Laravel/grocery-training-project-round-2/vendor/laravel/framework/src/Illuminate/Container/BoundMethod.php(36): Database\\Seeders\\DummyDataSeeder->run()
#16 /home/mohammed-ouais/project-Huma-volve-Laravel/grocery-training-project-round-2/vendor/laravel/framework/src/Illuminate/Container/Util.php(41): Illuminate\\Container\\BoundMethod::Illuminate\\Container\\{closure}()
#17 /home/mohammed-ouais/project-Huma-volve-Laravel/grocery-training-project-round-2/vendor/laravel/framework/src/Illuminate/Container/BoundMethod.php(93): Illuminate\\Container\\Util::unwrapIfClosure()
#18 /home/mohammed-ouais/project-Huma-volve-Laravel/grocery-training-project-round-2/vendor/laravel/framework/src/Illuminate/Container/BoundMethod.php(35): Illuminate\\Container\\BoundMethod::callBoundMethod()
#19 /home/mohammed-ouais/project-Huma-volve-Laravel/grocery-training-project-round-2/vendor/laravel/framework/src/Illuminate/Container/Container.php(662): Illuminate\\Container\\BoundMethod::call()
#20 /home/mohammed-ouais/project-Huma-volve-Laravel/grocery-training-project-round-2/vendor/laravel/framework/src/Illuminate/Database/Seeder.php(184): Illuminate\\Container\\Container->call()
#21 /home/mohammed-ouais/project-Huma-volve-Laravel/grocery-training-project-round-2/vendor/laravel/framework/src/Illuminate/Database/Seeder.php(193): Illuminate\\Database\\Seeder->Illuminate\\Database\\{closure}()
#22 /home/mohammed-ouais/project-Huma-volve-Laravel/grocery-training-project-round-2/vendor/laravel/framework/src/Illuminate/Database/Console/Seeds/SeedCommand.php(70): Illuminate\\Database\\Seeder->__invoke()
#23 /home/mohammed-ouais/project-Huma-volve-Laravel/grocery-training-project-round-2/vendor/laravel/framework/src/Illuminate/Database/Eloquent/Concerns/GuardsAttributes.php(155): Illuminate\\Database\\Console\\Seeds\\SeedCommand->Illuminate\\Database\\Console\\Seeds\\{closure}()
#24 /home/mohammed-ouais/project-Huma-volve-Laravel/grocery-training-project-round-2/vendor/laravel/framework/src/Illuminate/Database/Console/Seeds/SeedCommand.php(69): Illuminate\\Database\\Eloquent\\Model::unguarded()
#25 /home/mohammed-ouais/project-Huma-volve-Laravel/grocery-training-project-round-2/vendor/laravel/framework/src/Illuminate/Container/BoundMethod.php(36): Illuminate\\Database\\Console\\Seeds\\SeedCommand->handle()
#26 /home/mohammed-ouais/project-Huma-volve-Laravel/grocery-training-project-round-2/vendor/laravel/framework/src/Illuminate/Container/Util.php(41): Illuminate\\Container\\BoundMethod::Illuminate\\Container\\{closure}()
#27 /home/mohammed-ouais/project-Huma-volve-Laravel/grocery-training-project-round-2/vendor/laravel/framework/src/Illuminate/Container/BoundMethod.php(93): Illuminate\\Container\\Util::unwrapIfClosure()
#28 /home/mohammed-ouais/project-Huma-volve-Laravel/grocery-training-project-round-2/vendor/laravel/framework/src/Illuminate/Container/BoundMethod.php(35): Illuminate\\Container\\BoundMethod::callBoundMethod()
#29 /home/mohammed-ouais/project-Huma-volve-Laravel/grocery-training-project-round-2/vendor/laravel/framework/src/Illuminate/Container/Container.php(662): Illuminate\\Container\\BoundMethod::call()
#30 /home/mohammed-ouais/project-Huma-volve-Laravel/grocery-training-project-round-2/vendor/laravel/framework/src/Illuminate/Console/Command.php(211): Illuminate\\Container\\Container->call()
#31 /home/mohammed-ouais/project-Huma-volve-Laravel/grocery-training-project-round-2/vendor/symfony/console/Command/Command.php(326): Illuminate\\Console\\Command->execute()
#32 /home/mohammed-ouais/project-Huma-volve-Laravel/grocery-training-project-round-2/vendor/laravel/framework/src/Illuminate/Console/Command.php(180): Symfony\\Component\\Console\\Command\\Command->run()
#33 /home/mohammed-ouais/project-Huma-volve-Laravel/grocery-training-project-round-2/vendor/symfony/console/Application.php(1106): Illuminate\\Console\\Command->run()
#34 /home/mohammed-ouais/project-Huma-volve-Laravel/grocery-training-project-round-2/vendor/symfony/console/Application.php(324): Symfony\\Component\\Console\\Application->doRunCommand()
#35 /home/mohammed-ouais/project-Huma-volve-Laravel/grocery-training-project-round-2/vendor/symfony/console/Application.php(175): Symfony\\Component\\Console\\Application->doRun()
#36 /home/mohammed-ouais/project-Huma-volve-Laravel/grocery-training-project-round-2/vendor/laravel/framework/src/Illuminate/Foundation/Console/Kernel.php(201): Symfony\\Component\\Console\\Application->run()
#37 /home/mohammed-ouais/project-Huma-volve-Laravel/grocery-training-project-round-2/artisan(35): Illuminate\\Foundation\\Console\\Kernel->handle()
#38 {main}

[previous exception] [object] (ErrorException(code: 0): Array to string conversion at /home/mohammed-ouais/project-Huma-volve-Laravel/grocery-training-project-round-2/vendor/laravel/framework/src/Illuminate/Database/Connection.php:723)
[stacktrace]
#0 /home/mohammed-ouais/project-Huma-volve-Laravel/grocery-training-project-round-2/vendor/laravel/framework/src/Illuminate/Foundation/Bootstrap/HandleExceptions.php(255): Illuminate\\Foundation\\Bootstrap\\HandleExceptions->handleError()
#1 [internal function]: Illuminate\\Foundation\\Bootstrap\\HandleExceptions->Illuminate\\Foundation\\Bootstrap\\{closure}()
#2 /home/mohammed-ouais/project-Huma-volve-Laravel/grocery-training-project-round-2/vendor/laravel/framework/src/Illuminate/Database/Connection.php(723): PDOStatement->bindValue()
#3 /home/mohammed-ouais/project-Huma-volve-Laravel/grocery-training-project-round-2/vendor/laravel/framework/src/Illuminate/Database/MySqlConnection.php(41): Illuminate\\Database\\Connection->bindValues()
#4 /home/mohammed-ouais/project-Huma-volve-Laravel/grocery-training-project-round-2/vendor/laravel/framework/src/Illuminate/Database/Connection.php(816): Illuminate\\Database\\MySqlConnection->Illuminate\\Database\\{closure}()
#5 /home/mohammed-ouais/project-Huma-volve-Laravel/grocery-training-project-round-2/vendor/laravel/framework/src/Illuminate/Database/Connection.php(783): Illuminate\\Database\\Connection->runQueryCallback()
#6 /home/mohammed-ouais/project-Huma-volve-Laravel/grocery-training-project-round-2/vendor/laravel/framework/src/Illuminate/Database/MySqlConnection.php(34): Illuminate\\Database\\Connection->run()
#7 /home/mohammed-ouais/project-Huma-volve-Laravel/grocery-training-project-round-2/vendor/laravel/framework/src/Illuminate/Database/Query/Processors/MySqlProcessor.php(35): Illuminate\\Database\\MySqlConnection->insert()
#8 /home/mohammed-ouais/project-Huma-volve-Laravel/grocery-training-project-round-2/vendor/laravel/framework/src/Illuminate/Database/Query/Builder.php(3549): Illuminate\\Database\\Query\\Processors\\MySqlProcessor->processInsertGetId()
#9 /home/mohammed-ouais/project-Huma-volve-Laravel/grocery-training-project-round-2/vendor/laravel/framework/src/Illuminate/Database/Eloquent/Builder.php(1982): Illuminate\\Database\\Query\\Builder->insertGetId()
#10 /home/mohammed-ouais/project-Huma-volve-Laravel/grocery-training-project-round-2/vendor/laravel/framework/src/Illuminate/Database/Eloquent/Model.php(1334): Illuminate\\Database\\Eloquent\\Builder->__call()
#11 /home/mohammed-ouais/project-Huma-volve-Laravel/grocery-training-project-round-2/vendor/laravel/framework/src/Illuminate/Database/Eloquent/Model.php(1299): Illuminate\\Database\\Eloquent\\Model->insertAndSetId()
#12 /home/mohammed-ouais/project-Huma-volve-Laravel/grocery-training-project-round-2/vendor/laravel/framework/src/Illuminate/Database/Eloquent/Model.php(1138): Illuminate\\Database\\Eloquent\\Model->performInsert()
#13 /home/mohammed-ouais/project-Huma-volve-Laravel/grocery-training-project-round-2/vendor/laravel/framework/src/Illuminate/Database/Eloquent/Builder.php(1025): Illuminate\\Database\\Eloquent\\Model->save()
#14 /home/mohammed-ouais/project-Huma-volve-Laravel/grocery-training-project-round-2/vendor/laravel/framework/src/Illuminate/Support/helpers.php(320): Illuminate\\Database\\Eloquent\\Builder->Illuminate\\Database\\Eloquent\\{closure}()
#15 /home/mohammed-ouais/project-Huma-volve-Laravel/grocery-training-project-round-2/vendor/laravel/framework/src/Illuminate/Database/Eloquent/Builder.php(1024): tap()
#16 /home/mohammed-ouais/project-Huma-volve-Laravel/grocery-training-project-round-2/vendor/laravel/framework/src/Illuminate/Support/Traits/ForwardsCalls.php(23): Illuminate\\Database\\Eloquent\\Builder->create()
#17 /home/mohammed-ouais/project-Huma-volve-Laravel/grocery-training-project-round-2/vendor/laravel/framework/src/Illuminate/Database/Eloquent/Model.php(2335): Illuminate\\Database\\Eloquent\\Model->forwardCallTo()
#18 /home/mohammed-ouais/project-Huma-volve-Laravel/grocery-training-project-round-2/vendor/laravel/framework/src/Illuminate/Database/Eloquent/Model.php(2347): Illuminate\\Database\\Eloquent\\Model->__call()
#19 /home/mohammed-ouais/project-Huma-volve-Laravel/grocery-training-project-round-2/database/seeders/DummyDataSeeder.php(98): Illuminate\\Database\\Eloquent\\Model::__callStatic()
#20 /home/mohammed-ouais/project-Huma-volve-Laravel/grocery-training-project-round-2/vendor/laravel/framework/src/Illuminate/Container/BoundMethod.php(36): Database\\Seeders\\DummyDataSeeder->run()
#21 /home/mohammed-ouais/project-Huma-volve-Laravel/grocery-training-project-round-2/vendor/laravel/framework/src/Illuminate/Container/Util.php(41): Illuminate\\Container\\BoundMethod::Illuminate\\Container\\{closure}()
#22 /home/mohammed-ouais/project-Huma-volve-Laravel/grocery-training-project-round-2/vendor/laravel/framework/src/Illuminate/Container/BoundMethod.php(93): Illuminate\\Container\\Util::unwrapIfClosure()
#23 /home/mohammed-ouais/project-Huma-volve-Laravel/grocery-training-project-round-2/vendor/laravel/framework/src/Illuminate/Container/BoundMethod.php(35): Illuminate\\Container\\BoundMethod::callBoundMethod()
#24 /home/mohammed-ouais/project-Huma-volve-Laravel/grocery-training-project-round-2/vendor/laravel/framework/src/Illuminate/Container/Container.php(662): Illuminate\\Container\\BoundMethod::call()
#25 /home/mohammed-ouais/project-Huma-volve-Laravel/grocery-training-project-round-2/vendor/laravel/framework/src/Illuminate/Database/Seeder.php(184): Illuminate\\Container\\Container->call()
#26 /home/mohammed-ouais/project-Huma-volve-Laravel/grocery-training-project-round-2/vendor/laravel/framework/src/Illuminate/Database/Seeder.php(193): Illuminate\\Database\\Seeder->Illuminate\\Database\\{closure}()
#27 /home/mohammed-ouais/project-Huma-volve-Laravel/grocery-training-project-round-2/vendor/laravel/framework/src/Illuminate/Database/Console/Seeds/SeedCommand.php(70): Illuminate\\Database\\Seeder->__invoke()
#28 /home/mohammed-ouais/project-Huma-volve-Laravel/grocery-training-project-round-2/vendor/laravel/framework/src/Illuminate/Database/Eloquent/Concerns/GuardsAttributes.php(155): Illuminate\\Database\\Console\\Seeds\\SeedCommand->Illuminate\\Database\\Console\\Seeds\\{closure}()
#29 /home/mohammed-ouais/project-Huma-volve-Laravel/grocery-training-project-round-2/vendor/laravel/framework/src/Illuminate/Database/Console/Seeds/SeedCommand.php(69): Illuminate\\Database\\Eloquent\\Model::unguarded()
#30 /home/mohammed-ouais/project-Huma-volve-Laravel/grocery-training-project-round-2/vendor/laravel/framework/src/Illuminate/Container/BoundMethod.php(36): Illuminate\\Database\\Console\\Seeds\\SeedCommand->handle()
#31 /home/mohammed-ouais/project-Huma-volve-Laravel/grocery-training-project-round-2/vendor/laravel/framework/src/Illuminate/Container/Util.php(41): Illuminate\\Container\\BoundMethod::Illuminate\\Container\\{closure}()
#32 /home/mohammed-ouais/project-Huma-volve-Laravel/grocery-training-project-round-2/vendor/laravel/framework/src/Illuminate/Container/BoundMethod.php(93): Illuminate\\Container\\Util::unwrapIfClosure()
#33 /home/mohammed-ouais/project-Huma-volve-Laravel/grocery-training-project-round-2/vendor/laravel/framework/src/Illuminate/Container/BoundMethod.php(35): Illuminate\\Container\\BoundMethod::callBoundMethod()
#34 /home/mohammed-ouais/project-Huma-volve-Laravel/grocery-training-project-round-2/vendor/laravel/framework/src/Illuminate/Container/Container.php(662): Illuminate\\Container\\BoundMethod::call()
#35 /home/mohammed-ouais/project-Huma-volve-Laravel/grocery-training-project-round-2/vendor/laravel/framework/src/Illuminate/Console/Command.php(211): Illuminate\\Container\\Container->call()
#36 /home/mohammed-ouais/project-Huma-volve-Laravel/grocery-training-project-round-2/vendor/symfony/console/Command/Command.php(326): Illuminate\\Console\\Command->execute()
#37 /home/mohammed-ouais/project-Huma-volve-Laravel/grocery-training-project-round-2/vendor/laravel/framework/src/Illuminate/Console/Command.php(180): Symfony\\Component\\Console\\Command\\Command->run()
#38 /home/mohammed-ouais/project-Huma-volve-Laravel/grocery-training-project-round-2/vendor/symfony/console/Application.php(1106): Illuminate\\Console\\Command->run()
#39 /home/mohammed-ouais/project-Huma-volve-Laravel/grocery-training-project-round-2/vendor/symfony/console/Application.php(324): Symfony\\Component\\Console\\Application->doRunCommand()
#40 /home/mohammed-ouais/project-Huma-volve-Laravel/grocery-training-project-round-2/vendor/symfony/console/Application.php(175): Symfony\\Component\\Console\\Application->doRun()
#41 /home/mohammed-ouais/project-Huma-volve-Laravel/grocery-training-project-round-2/vendor/laravel/framework/src/Illuminate/Foundation/Console/Kernel.php(201): Symfony\\Component\\Console\\Application->run()
#42 /home/mohammed-ouais/project-Huma-volve-Laravel/grocery-training-project-round-2/artisan(35): Illuminate\\Foundation\\Console\\Kernel->handle()
#43 {main}
"} 
[2026-08-07 08:03:26] local.ERROR: SQLSTATE[23000]: Integrity constraint violation: 1062 Duplicate entry 'user1' for key 'users_username_unique' (Connection: mysql, SQL: insert into `users` (`username`, `firstname`, `lastname`, `email`, `phone`, `password`, `email_verified_at`, `is_admin`, `updated_at`, `created_at`) values (user1, Raphael, Schultz, antwon.ziemann@example.com, +206735562611, $2y$12$LqimNj.xqDgVU.cfv7oMPeMJ0NdAButHnlmQTLVDaNeiB9Ojiz0Ie, 2026-08-07 08:03:26, 0, 2026-08-07 08:03:26, 2026-08-07 08:03:26)) {"exception":"[object] (Illuminate\\Database\\UniqueConstraintViolationException(code: 23000): SQLSTATE[23000]: Integrity constraint violation: 1062 Duplicate entry 'user1' for key 'users_username_unique' (Connection: mysql, SQL: insert into `users` (`username`, `firstname`, `lastname`, `email`, `phone`, `password`, `email_verified_at`, `is_admin`, `updated_at`, `created_at`) values (user1, Raphael, Schultz, antwon.ziemann@example.com, +206735562611, $2y$12$LqimNj.xqDgVU.cfv7oMPeMJ0NdAButHnlmQTLVDaNeiB9Ojiz0Ie, 2026-08-07 08:03:26, 0, 2026-08-07 08:03:26, 2026-08-07 08:03:26)) at /home/mohammed-ouais/project-Huma-volve-Laravel/grocery-training-project-round-2/vendor/laravel/framework/src/Illuminate/Database/Connection.php:824)
[stacktrace]
#0 /home/mohammed-ouais/project-Huma-volve-Laravel/grocery-training-project-round-2/vendor/laravel/framework/src/Illuminate/Database/Connection.php(783): Illuminate\\Database\\Connection->runQueryCallback()
#1 /home/mohammed-ouais/project-Huma-volve-Laravel/grocery-training-project-round-2/vendor/laravel/framework/src/Illuminate/Database/MySqlConnection.php(34): Illuminate\\Database\\Connection->run()
#2 /home/mohammed-ouais/project-Huma-volve-Laravel/grocery-training-project-round-2/vendor/laravel/framework/src/Illuminate/Database/Query/Processors/MySqlProcessor.php(35): Illuminate\\Database\\MySqlConnection->insert()
#3 /home/mohammed-ouais/project-Huma-volve-Laravel/grocery-training-project-round-2/vendor/laravel/framework/src/Illuminate/Database/Query/Builder.php(3549): Illuminate\\Database\\Query\\Processors\\MySqlProcessor->processInsertGetId()
#4 /home/mohammed-ouais/project-Huma-volve-Laravel/grocery-training-project-round-2/vendor/laravel/framework/src/Illuminate/Database/Eloquent/Builder.php(1982): Illuminate\\Database\\Query\\Builder->insertGetId()
#5 /home/mohammed-ouais/project-Huma-volve-Laravel/grocery-training-project-round-2/vendor/laravel/framework/src/Illuminate/Database/Eloquent/Model.php(1334): Illuminate\\Database\\Eloquent\\Builder->__call()
#6 /home/mohammed-ouais/project-Huma-volve-Laravel/grocery-training-project-round-2/vendor/laravel/framework/src/Illuminate/Database/Eloquent/Model.php(1299): Illuminate\\Database\\Eloquent\\Model->insertAndSetId()
#7 /home/mohammed-ouais/project-Huma-volve-Laravel/grocery-training-project-round-2/vendor/laravel/framework/src/Illuminate/Database/Eloquent/Model.php(1138): Illuminate\\Database\\Eloquent\\Model->performInsert()
#8 /home/mohammed-ouais/project-Huma-volve-Laravel/grocery-training-project-round-2/vendor/laravel/framework/src/Illuminate/Database/Eloquent/Builder.php(1025): Illuminate\\Database\\Eloquent\\Model->save()
#9 /home/mohammed-ouais/project-Huma-volve-Laravel/grocery-training-project-round-2/vendor/laravel/framework/src/Illuminate/Support/helpers.php(320): Illuminate\\Database\\Eloquent\\Builder->Illuminate\\Database\\Eloquent\\{closure}()
#10 /home/mohammed-ouais/project-Huma-volve-Laravel/grocery-training-project-round-2/vendor/laravel/framework/src/Illuminate/Database/Eloquent/Builder.php(1024): tap()
#11 /home/mohammed-ouais/project-Huma-volve-Laravel/grocery-training-project-round-2/vendor/laravel/framework/src/Illuminate/Support/Traits/ForwardsCalls.php(23): Illuminate\\Database\\Eloquent\\Builder->create()
#12 /home/mohammed-ouais/project-Huma-volve-Laravel/grocery-training-project-round-2/vendor/laravel/framework/src/Illuminate/Database/Eloquent/Model.php(2335): Illuminate\\Database\\Eloquent\\Model->forwardCallTo()
#13 /home/mohammed-ouais/project-Huma-volve-Laravel/grocery-training-project-round-2/vendor/laravel/framework/src/Illuminate/Database/Eloquent/Model.php(2347): Illuminate\\Database\\Eloquent\\Model->__call()
#14 /home/mohammed-ouais/project-Huma-volve-Laravel/grocery-training-project-round-2/database/seeders/DummyDataSeeder.php(24): Illuminate\\Database\\Eloquent\\Model::__callStatic()
#15 /home/mohammed-ouais/project-Huma-volve-Laravel/grocery-training-project-round-2/vendor/laravel/framework/src/Illuminate/Container/BoundMethod.php(36): Database\\Seeders\\DummyDataSeeder->run()
#16 /home/mohammed-ouais/project-Huma-volve-Laravel/grocery-training-project-round-2/vendor/laravel/framework/src/Illuminate/Container/Util.php(41): Illuminate\\Container\\BoundMethod::Illuminate\\Container\\{closure}()
#17 /home/mohammed-ouais/project-Huma-volve-Laravel/grocery-training-project-round-2/vendor/laravel/framework/src/Illuminate/Container/BoundMethod.php(93): Illuminate\\Container\\Util::unwrapIfClosure()
#18 /home/mohammed-ouais/project-Huma-volve-Laravel/grocery-training-project-round-2/vendor/laravel/framework/src/Illuminate/Container/BoundMethod.php(35): Illuminate\\Container\\BoundMethod::callBoundMethod()
#19 /home/mohammed-ouais/project-Huma-volve-Laravel/grocery-training-project-round-2/vendor/laravel/framework/src/Illuminate/Container/Container.php(662): Illuminate\\Container\\BoundMethod::call()
#20 /home/mohammed-ouais/project-Huma-volve-Laravel/grocery-training-project-round-2/vendor/laravel/framework/src/Illuminate/Database/Seeder.php(184): Illuminate\\Container\\Container->call()
#21 /home/mohammed-ouais/project-Huma-volve-Laravel/grocery-training-project-round-2/vendor/laravel/framework/src/Illuminate/Database/Seeder.php(193): Illuminate\\Database\\Seeder->Illuminate\\Database\\{closure}()
#22 /home/mohammed-ouais/project-Huma-volve-Laravel/grocery-training-project-round-2/vendor/laravel/framework/src/Illuminate/Database/Console/Seeds/SeedCommand.php(70): Illuminate\\Database\\Seeder->__invoke()
#23 /home/mohammed-ouais/project-Huma-volve-Laravel/grocery-training-project-round-2/vendor/laravel/framework/src/Illuminate/Database/Eloquent/Concerns/GuardsAttributes.php(155): Illuminate\\Database\\Console\\Seeds\\SeedCommand->Illuminate\\Database\\Console\\Seeds\\{closure}()
#24 /home/mohammed-ouais/project-Huma-volve-Laravel/grocery-training-project-round-2/vendor/laravel/framework/src/Illuminate/Database/Console/Seeds/SeedCommand.php(69): Illuminate\\Database\\Eloquent\\Model::unguarded()
#25 /home/mohammed-ouais/project-Huma-volve-Laravel/grocery-training-project-round-2/vendor/laravel/framework/src/Illuminate/Container/BoundMethod.php(36): Illuminate\\Database\\Console\\Seeds\\SeedCommand->handle()
#26 /home/mohammed-ouais/project-Huma-volve-Laravel/grocery-training-project-round-2/vendor/laravel/framework/src/Illuminate/Container/Util.php(41): Illuminate\\Container\\BoundMethod::Illuminate\\Container\\{closure}()
#27 /home/mohammed-ouais/project-Huma-volve-Laravel/grocery-training-project-round-2/vendor/laravel/framework/src/Illuminate/Container/BoundMethod.php(93): Illuminate\\Container\\Util::unwrapIfClosure()
#28 /home/mohammed-ouais/project-Huma-volve-Laravel/grocery-training-project-round-2/vendor/laravel/framework/src/Illuminate/Container/BoundMethod.php(35): Illuminate\\Container\\BoundMethod::callBoundMethod()
#29 /home/mohammed-ouais/project-Huma-volve-Laravel/grocery-training-project-round-2/vendor/laravel/framework/src/Illuminate/Container/Container.php(662): Illuminate\\Container\\BoundMethod::call()
#30 /home/mohammed-ouais/project-Huma-volve-Laravel/grocery-training-project-round-2/vendor/laravel/framework/src/Illuminate/Console/Command.php(211): Illuminate\\Container\\Container->call()
#31 /home/mohammed-ouais/project-Huma-volve-Laravel/grocery-training-project-round-2/vendor/symfony/console/Command/Command.php(326): Illuminate\\Console\\Command->execute()
#32 /home/mohammed-ouais/project-Huma-volve-Laravel/grocery-training-project-round-2/vendor/laravel/framework/src/Illuminate/Console/Command.php(180): Symfony\\Component\\Console\\Command\\Command->run()
#33 /home/mohammed-ouais/project-Huma-volve-Laravel/grocery-training-project-round-2/vendor/symfony/console/Application.php(1106): Illuminate\\Console\\Command->run()
#34 /home/mohammed-ouais/project-Huma-volve-Laravel/grocery-training-project-round-2/vendor/symfony/console/Application.php(324): Symfony\\Component\\Console\\Application->doRunCommand()
#35 /home/mohammed-ouais/project-Huma-volve-Laravel/grocery-training-project-round-2/vendor/symfony/console/Application.php(175): Symfony\\Component\\Console\\Application->doRun()
#36 /home/mohammed-ouais/project-Huma-volve-Laravel/grocery-training-project-round-2/vendor/laravel/framework/src/Illuminate/Foundation/Console/Kernel.php(201): Symfony\\Component\\Console\\Application->run()
#37 /home/mohammed-ouais/project-Huma-volve-Laravel/grocery-training-project-round-2/artisan(35): Illuminate\\Foundation\\Console\\Kernel->handle()
#38 {main}

[previous exception] [object] (PDOException(code: 23000): SQLSTATE[23000]: Integrity constraint violation: 1062 Duplicate entry 'user1' for key 'users_username_unique' at /home/mohammed-ouais/project-Huma-volve-Laravel/grocery-training-project-round-2/vendor/laravel/framework/src/Illuminate/Database/MySqlConnection.php:45)
[stacktrace]
#0 /home/mohammed-ouais/project-Huma-volve-Laravel/grocery-training-project-round-2/vendor/laravel/framework/src/Illuminate/Database/MySqlConnection.php(45): PDOStatement->execute()
#1 /home/mohammed-ouais/project-Huma-volve-Laravel/grocery-training-project-round-2/vendor/laravel/framework/src/Illuminate/Database/Connection.php(816): Illuminate\\Database\\MySqlConnection->Illuminate\\Database\\{closure}()
#2 /home/mohammed-ouais/project-Huma-volve-Laravel/grocery-training-project-round-2/vendor/laravel/framework/src/Illuminate/Database/Connection.php(783): Illuminate\\Database\\Connection->runQueryCallback()
#3 /home/mohammed-ouais/project-Huma-volve-Laravel/grocery-training-project-round-2/vendor/laravel/framework/src/Illuminate/Database/MySqlConnection.php(34): Illuminate\\Database\\Connection->run()
#4 /home/mohammed-ouais/project-Huma-volve-Laravel/grocery-training-project-round-2/vendor/laravel/framework/src/Illuminate/Database/Query/Processors/MySqlProcessor.php(35): Illuminate\\Database\\MySqlConnection->insert()
#5 /home/mohammed-ouais/project-Huma-volve-Laravel/grocery-training-project-round-2/vendor/laravel/framework/src/Illuminate/Database/Query/Builder.php(3549): Illuminate\\Database\\Query\\Processors\\MySqlProcessor->processInsertGetId()
#6 /home/mohammed-ouais/project-Huma-volve-Laravel/grocery-training-project-round-2/vendor/laravel/framework/src/Illuminate/Database/Eloquent/Builder.php(1982): Illuminate\\Database\\Query\\Builder->insertGetId()
#7 /home/mohammed-ouais/project-Huma-volve-Laravel/grocery-training-project-round-2/vendor/laravel/framework/src/Illuminate/Database/Eloquent/Model.php(1334): Illuminate\\Database\\Eloquent\\Builder->__call()
#8 /home/mohammed-ouais/project-Huma-volve-Laravel/grocery-training-project-round-2/vendor/laravel/framework/src/Illuminate/Database/Eloquent/Model.php(1299): Illuminate\\Database\\Eloquent\\Model->insertAndSetId()
#9 /home/mohammed-ouais/project-Huma-volve-Laravel/grocery-training-project-round-2/vendor/laravel/framework/src/Illuminate/Database/Eloquent/Model.php(1138): Illuminate\\Database\\Eloquent\\Model->performInsert()
#10 /home/mohammed-ouais/project-Huma-volve-Laravel/grocery-training-project-round-2/vendor/laravel/framework/src/Illuminate/Database/Eloquent/Builder.php(1025): Illuminate\\Database\\Eloquent\\Model->save()
#11 /home/mohammed-ouais/project-Huma-volve-Laravel/grocery-training-project-round-2/vendor/laravel/framework/src/Illuminate/Support/helpers.php(320): Illuminate\\Database\\Eloquent\\Builder->Illuminate\\Database\\Eloquent\\{closure}()
#12 /home/mohammed-ouais/project-Huma-volve-Laravel/grocery-training-project-round-2/vendor/laravel/framework/src/Illuminate/Database/Eloquent/Builder.php(1024): tap()
#13 /home/mohammed-ouais/project-Huma-volve-Laravel/grocery-training-project-round-2/vendor/laravel/framework/src/Illuminate/Support/Traits/ForwardsCalls.php(23): Illuminate\\Database\\Eloquent\\Builder->create()
#14 /home/mohammed-ouais/project-Huma-volve-Laravel/grocery-training-project-round-2/vendor/laravel/framework/src/Illuminate/Database/Eloquent/Model.php(2335): Illuminate\\Database\\Eloquent\\Model->forwardCallTo()
#15 /home/mohammed-ouais/project-Huma-volve-Laravel/grocery-training-project-round-2/vendor/laravel/framework/src/Illuminate/Database/Eloquent/Model.php(2347): Illuminate\\Database\\Eloquent\\Model->__call()
#16 /home/mohammed-ouais/project-Huma-volve-Laravel/grocery-training-project-round-2/database/seeders/DummyDataSeeder.php(24): Illuminate\\Database\\Eloquent\\Model::__callStatic()
#17 /home/mohammed-ouais/project-Huma-volve-Laravel/grocery-training-project-round-2/vendor/laravel/framework/src/Illuminate/Container/BoundMethod.php(36): Database\\Seeders\\DummyDataSeeder->run()
#18 /home/mohammed-ouais/project-Huma-volve-Laravel/grocery-training-project-round-2/vendor/laravel/framework/src/Illuminate/Container/Util.php(41): Illuminate\\Container\\BoundMethod::Illuminate\\Container\\{closure}()
#19 /home/mohammed-ouais/project-Huma-volve-Laravel/grocery-training-project-round-2/vendor/laravel/framework/src/Illuminate/Container/BoundMethod.php(93): Illuminate\\Container\\Util::unwrapIfClosure()
#20 /home/mohammed-ouais/project-Huma-volve-Laravel/grocery-training-project-round-2/vendor/laravel/framework/src/Illuminate/Container/BoundMethod.php(35): Illuminate\\Container\\BoundMethod::callBoundMethod()
#21 /home/mohammed-ouais/project-Huma-volve-Laravel/grocery-training-project-round-2/vendor/laravel/framework/src/Illuminate/Container/Container.php(662): Illuminate\\Container\\BoundMethod::call()
#22 /home/mohammed-ouais/project-Huma-volve-Laravel/grocery-training-project-round-2/vendor/laravel/framework/src/Illuminate/Database/Seeder.php(184): Illuminate\\Container\\Container->call()
#23 /home/mohammed-ouais/project-Huma-volve-Laravel/grocery-training-project-round-2/vendor/laravel/framework/src/Illuminate/Database/Seeder.php(193): Illuminate\\Database\\Seeder->Illuminate\\Database\\{closure}()
#24 /home/mohammed-ouais/project-Huma-volve-Laravel/grocery-training-project-round-2/vendor/laravel/framework/src/Illuminate/Database/Console/Seeds/SeedCommand.php(70): Illuminate\\Database\\Seeder->__invoke()
#25 /home/mohammed-ouais/project-Huma-volve-Laravel/grocery-training-project-round-2/vendor/laravel/framework/src/Illuminate/Database/Eloquent/Concerns/GuardsAttributes.php(155): Illuminate\\Database\\Console\\Seeds\\SeedCommand->Illuminate\\Database\\Console\\Seeds\\{closure}()
#26 /home/mohammed-ouais/project-Huma-volve-Laravel/grocery-training-project-round-2/vendor/laravel/framework/src/Illuminate/Database/Console/Seeds/SeedCommand.php(69): Illuminate\\Database\\Eloquent\\Model::unguarded()
#27 /home/mohammed-ouais/project-Huma-volve-Laravel/grocery-training-project-round-2/vendor/laravel/framework/src/Illuminate/Container/BoundMethod.php(36): Illuminate\\Database\\Console\\Seeds\\SeedCommand->handle()
#28 /home/mohammed-ouais/project-Huma-volve-Laravel/grocery-training-project-round-2/vendor/laravel/framework/src/Illuminate/Container/Util.php(41): Illuminate\\Container\\BoundMethod::Illuminate\\Container\\{closure}()
#29 /home/mohammed-ouais/project-Huma-volve-Laravel/grocery-training-project-round-2/vendor/laravel/framework/src/Illuminate/Container/BoundMethod.php(93): Illuminate\\Container\\Util::unwrapIfClosure()
#30 /home/mohammed-ouais/project-Huma-volve-Laravel/grocery-training-project-round-2/vendor/laravel/framework/src/Illuminate/Container/BoundMethod.php(35): Illuminate\\Container\\BoundMethod::callBoundMethod()
#31 /home/mohammed-ouais/project-Huma-volve-Laravel/grocery-training-project-round-2/vendor/laravel/framework/src/Illuminate/Container/Container.php(662): Illuminate\\Container\\BoundMethod::call()
#32 /home/mohammed-ouais/project-Huma-volve-Laravel/grocery-training-project-round-2/vendor/laravel/framework/src/Illuminate/Console/Command.php(211): Illuminate\\Container\\Container->call()
#33 /home/mohammed-ouais/project-Huma-volve-Laravel/grocery-training-project-round-2/vendor/symfony/console/Command/Command.php(326): Illuminate\\Console\\Command->execute()
#34 /home/mohammed-ouais/project-Huma-volve-Laravel/grocery-training-project-round-2/vendor/laravel/framework/src/Illuminate/Console/Command.php(180): Symfony\\Component\\Console\\Command\\Command->run()
#35 /home/mohammed-ouais/project-Huma-volve-Laravel/grocery-training-project-round-2/vendor/symfony/console/Application.php(1106): Illuminate\\Console\\Command->run()
#36 /home/mohammed-ouais/project-Huma-volve-Laravel/grocery-training-project-round-2/vendor/symfony/console/Application.php(324): Symfony\\Component\\Console\\Application->doRunCommand()
#37 /home/mohammed-ouais/project-Huma-volve-Laravel/grocery-training-project-round-2/vendor/symfony/console/Application.php(175): Symfony\\Component\\Console\\Application->doRun()
#38 /home/mohammed-ouais/project-Huma-volve-Laravel/grocery-training-project-round-2/vendor/laravel/framework/src/Illuminate/Foundation/Console/Kernel.php(201): Symfony\\Component\\Console\\Application->run()
#39 /home/mohammed-ouais/project-Huma-volve-Laravel/grocery-training-project-round-2/artisan(35): Illuminate\\Foundation\\Console\\Kernel->handle()
#40 {main}
"} 
[2026-08-07 08:03:51] local.ERROR: SQLSTATE[42000]: Syntax error or access violation: 1103 Incorrect table name '' (Connection: mysql, SQL: create table `` (`id` bigint unsigned not null auto_increment primary key, `queue` varchar(255) not null, `payload` longtext not null, `attempts` tinyint unsigned not null, `reserved_at` int unsigned null, `available_at` int unsigned not null, `created_at` int unsigned not null) default character set utf8mb4 collate 'utf8mb4_unicode_ci') {"exception":"[object] (Illuminate\\Database\\QueryException(code: 42000): SQLSTATE[42000]: Syntax error or access violation: 1103 Incorrect table name '' (Connection: mysql, SQL: create table `` (`id` bigint unsigned not null auto_increment primary key, `queue` varchar(255) not null, `payload` longtext not null, `attempts` tinyint unsigned not null, `reserved_at` int unsigned null, `available_at` int unsigned not null, `created_at` int unsigned not null) default character set utf8mb4 collate 'utf8mb4_unicode_ci') at /home/mohammed-ouais/project-Huma-volve-Laravel/grocery-training-project-round-2/vendor/laravel/framework/src/Illuminate/Database/Connection.php:829)
[stacktrace]
#0 /home/mohammed-ouais/project-Huma-volve-Laravel/grocery-training-project-round-2/vendor/laravel/framework/src/Illuminate/Database/Connection.php(783): Illuminate\\Database\\Connection->runQueryCallback()
#1 /home/mohammed-ouais/project-Huma-volve-Laravel/grocery-training-project-round-2/vendor/laravel/framework/src/Illuminate/Database/Connection.php(576): Illuminate\\Database\\Connection->run()
#2 /home/mohammed-ouais/project-Huma-volve-Laravel/grocery-training-project-round-2/vendor/laravel/framework/src/Illuminate/Database/Schema/Blueprint.php(110): Illuminate\\Database\\Connection->statement()
#3 /home/mohammed-ouais/project-Huma-volve-Laravel/grocery-training-project-round-2/vendor/laravel/framework/src/Illuminate/Database/Schema/Builder.php(602): Illuminate\\Database\\Schema\\Blueprint->build()
#4 /home/mohammed-ouais/project-Huma-volve-Laravel/grocery-training-project-round-2/vendor/laravel/framework/src/Illuminate/Database/Schema/Builder.php(456): Illuminate\\Database\\Schema\\Builder->build()
#5 /home/mohammed-ouais/project-Huma-volve-Laravel/grocery-training-project-round-2/vendor/laravel/framework/src/Illuminate/Support/Facades/Facade.php(355): Illuminate\\Database\\Schema\\Builder->create()
#6 /home/mohammed-ouais/project-Huma-volve-Laravel/grocery-training-project-round-2/database/migrations/2026_08_04_143251_create__table.php(14): Illuminate\\Support\\Facades\\Facade::__callStatic()
#7 /home/mohammed-ouais/project-Huma-volve-Laravel/grocery-training-project-round-2/vendor/laravel/framework/src/Illuminate/Database/Migrations/Migrator.php(501): Illuminate\\Database\\Migrations\\Migration@anonymous->up()
#8 /home/mohammed-ouais/project-Huma-volve-Laravel/grocery-training-project-round-2/vendor/laravel/framework/src/Illuminate/Database/Migrations/Migrator.php(418): Illuminate\\Database\\Migrations\\Migrator->runMethod()
#9 /home/mohammed-ouais/project-Huma-volve-Laravel/grocery-training-project-round-2/vendor/laravel/framework/src/Illuminate/Database/Migrations/Migrator.php(427): Illuminate\\Database\\Migrations\\Migrator->Illuminate\\Database\\Migrations\\{closure}()
#10 /home/mohammed-ouais/project-Huma-volve-Laravel/grocery-training-project-round-2/vendor/laravel/framework/src/Illuminate/Database/Migrations/Migrator.php(224): Illuminate\\Database\\Migrations\\Migrator->runMigration()
#11 /home/mohammed-ouais/project-Huma-volve-Laravel/grocery-training-project-round-2/vendor/laravel/framework/src/Illuminate/Console/View/Components/Task.php(37): Illuminate\\Database\\Migrations\\Migrator->Illuminate\\Database\\Migrations\\{closure}()
#12 /home/mohammed-ouais/project-Huma-volve-Laravel/grocery-training-project-round-2/vendor/laravel/framework/src/Illuminate/Database/Migrations/Migrator.php(783): Illuminate\\Console\\View\\Components\\Task->render()
#13 /home/mohammed-ouais/project-Huma-volve-Laravel/grocery-training-project-round-2/vendor/laravel/framework/src/Illuminate/Database/Migrations/Migrator.php(224): Illuminate\\Database\\Migrations\\Migrator->write()
#14 /home/mohammed-ouais/project-Huma-volve-Laravel/grocery-training-project-round-2/vendor/laravel/framework/src/Illuminate/Database/Migrations/Migrator.php(189): Illuminate\\Database\\Migrations\\Migrator->runUp()
#15 /home/mohammed-ouais/project-Huma-volve-Laravel/grocery-training-project-round-2/vendor/laravel/framework/src/Illuminate/Database/Migrations/Migrator.php(132): Illuminate\\Database\\Migrations\\Migrator->runPending()
#16 /home/mohammed-ouais/project-Huma-volve-Laravel/grocery-training-project-round-2/vendor/laravel/framework/src/Illuminate/Database/Console/Migrations/MigrateCommand.php(90): Illuminate\\Database\\Migrations\\Migrator->run()
#17 /home/mohammed-ouais/project-Huma-volve-Laravel/grocery-training-project-round-2/vendor/laravel/framework/src/Illuminate/Database/Migrations/Migrator.php(641): Illuminate\\Database\\Console\\Migrations\\MigrateCommand->Illuminate\\Database\\Console\\Migrations\\{closure}()
#18 /home/mohammed-ouais/project-Huma-volve-Laravel/grocery-training-project-round-2/vendor/laravel/framework/src/Illuminate/Database/Console/Migrations/MigrateCommand.php(83): Illuminate\\Database\\Migrations\\Migrator->usingConnection()
#19 /home/mohammed-ouais/project-Huma-volve-Laravel/grocery-training-project-round-2/vendor/laravel/framework/src/Illuminate/Container/BoundMethod.php(36): Illuminate\\Database\\Console\\Migrations\\MigrateCommand->handle()
#20 /home/mohammed-ouais/project-Huma-volve-Laravel/grocery-training-project-round-2/vendor/laravel/framework/src/Illuminate/Container/Util.php(41): Illuminate\\Container\\BoundMethod::Illuminate\\Container\\{closure}()
#21 /home/mohammed-ouais/project-Huma-volve-Laravel/grocery-training-project-round-2/vendor/laravel/framework/src/Illuminate/Container/BoundMethod.php(93): Illuminate\\Container\\Util::unwrapIfClosure()
#22 /home/mohammed-ouais/project-Huma-volve-Laravel/grocery-training-project-round-2/vendor/laravel/framework/src/Illuminate/Container/BoundMethod.php(35): Illuminate\\Container\\BoundMethod::callBoundMethod()
#23 /home/mohammed-ouais/project-Huma-volve-Laravel/grocery-training-project-round-2/vendor/laravel/framework/src/Illuminate/Container/Container.php(662): Illuminate\\Container\\BoundMethod::call()
#24 /home/mohammed-ouais/project-Huma-volve-Laravel/grocery-training-project-round-2/vendor/laravel/framework/src/Illuminate/Console/Command.php(211): Illuminate\\Container\\Container->call()
#25 /home/mohammed-ouais/project-Huma-volve-Laravel/grocery-training-project-round-2/vendor/symfony/console/Command/Command.php(326): Illuminate\\Console\\Command->execute()
#26 /home/mohammed-ouais/project-Huma-volve-Laravel/grocery-training-project-round-2/vendor/laravel/framework/src/Illuminate/Console/Command.php(180): Symfony\\Component\\Console\\Command\\Command->run()
#27 /home/mohammed-ouais/project-Huma-volve-Laravel/grocery-training-project-round-2/vendor/laravel/framework/src/Illuminate/Console/Concerns/CallsCommands.php(67): Illuminate\\Console\\Command->run()
#28 /home/mohammed-ouais/project-Huma-volve-Laravel/grocery-training-project-round-2/vendor/laravel/framework/src/Illuminate/Console/Concerns/CallsCommands.php(28): Illuminate\\Console\\Command->runCommand()
#29 /home/mohammed-ouais/project-Huma-volve-Laravel/grocery-training-project-round-2/vendor/laravel/framework/src/Illuminate/Database/Console/Migrations/FreshCommand.php(53): Illuminate\\Console\\Command->call()
#30 /home/mohammed-ouais/project-Huma-volve-Laravel/grocery-training-project-round-2/vendor/laravel/framework/src/Illuminate/Container/BoundMethod.php(36): Illuminate\\Database\\Console\\Migrations\\FreshCommand->handle()
#31 /home/mohammed-ouais/project-Huma-volve-Laravel/grocery-training-project-round-2/vendor/laravel/framework/src/Illuminate/Container/Util.php(41): Illuminate\\Container\\BoundMethod::Illuminate\\Container\\{closure}()
#32 /home/mohammed-ouais/project-Huma-volve-Laravel/grocery-training-project-round-2/vendor/laravel/framework/src/Illuminate/Container/BoundMethod.php(93): Illuminate\\Container\\Util::unwrapIfClosure()
#33 /home/mohammed-ouais/project-Huma-volve-Laravel/grocery-training-project-round-2/vendor/laravel/framework/src/Illuminate/Container/BoundMethod.php(35): Illuminate\\Container\\BoundMethod::callBoundMethod()
#34 /home/mohammed-ouais/project-Huma-volve-Laravel/grocery-training-project-round-2/vendor/laravel/framework/src/Illuminate/Container/Container.php(662): Illuminate\\Container\\BoundMethod::call()
#35 /home/mohammed-ouais/project-Huma-volve-Laravel/grocery-training-project-round-2/vendor/laravel/framework/src/Illuminate/Console/Command.php(211): Illuminate\\Container\\Container->call()
#36 /home/mohammed-ouais/project-Huma-volve-Laravel/grocery-training-project-round-2/vendor/symfony/console/Command/Command.php(326): Illuminate\\Console\\Command->execute()
#37 /home/mohammed-ouais/project-Huma-volve-Laravel/grocery-training-project-round-2/vendor/laravel/framework/src/Illuminate/Console/Command.php(180): Symfony\\Component\\Console\\Command\\Command->run()
#38 /home/mohammed-ouais/project-Huma-volve-Laravel/grocery-training-project-round-2/vendor/symfony/console/Application.php(1106): Illuminate\\Console\\Command->run()
#39 /home/mohammed-ouais/project-Huma-volve-Laravel/grocery-training-project-round-2/vendor/symfony/console/Application.php(324): Symfony\\Component\\Console\\Application->doRunCommand()
#40 /home/mohammed-ouais/project-Huma-volve-Laravel/grocery-training-project-round-2/vendor/symfony/console/Application.php(175): Symfony\\Component\\Console\\Application->doRun()
#41 /home/mohammed-ouais/project-Huma-volve-Laravel/grocery-training-project-round-2/vendor/laravel/framework/src/Illuminate/Foundation/Console/Kernel.php(201): Symfony\\Component\\Console\\Application->run()
#42 /home/mohammed-ouais/project-Huma-volve-Laravel/grocery-training-project-round-2/artisan(35): Illuminate\\Foundation\\Console\\Kernel->handle()
#43 {main}

[previous exception] [object] (PDOException(code: 42000): SQLSTATE[42000]: Syntax error or access violation: 1103 Incorrect table name '' at /home/mohammed-ouais/project-Huma-volve-Laravel/grocery-training-project-round-2/vendor/laravel/framework/src/Illuminate/Database/Connection.php:581)
[stacktrace]
#0 /home/mohammed-ouais/project-Huma-volve-Laravel/grocery-training-project-round-2/vendor/laravel/framework/src/Illuminate/Database/Connection.php(581): PDO->prepare()
#1 /home/mohammed-ouais/project-Huma-volve-Laravel/grocery-training-project-round-2/vendor/laravel/framework/src/Illuminate/Database/Connection.php(816): Illuminate\\Database\\Connection->Illuminate\\Database\\{closure}()
#2 /home/mohammed-ouais/project-Huma-volve-Laravel/grocery-training-project-round-2/vendor/laravel/framework/src/Illuminate/Database/Connection.php(783): Illuminate\\Database\\Connection->runQueryCallback()
#3 /home/mohammed-ouais/project-Huma-volve-Laravel/grocery-training-project-round-2/vendor/laravel/framework/src/Illuminate/Database/Connection.php(576): Illuminate\\Database\\Connection->run()
#4 /home/mohammed-ouais/project-Huma-volve-Laravel/grocery-training-project-round-2/vendor/laravel/framework/src/Illuminate/Database/Schema/Blueprint.php(110): Illuminate\\Database\\Connection->statement()
#5 /home/mohammed-ouais/project-Huma-volve-Laravel/grocery-training-project-round-2/vendor/laravel/framework/src/Illuminate/Database/Schema/Builder.php(602): Illuminate\\Database\\Schema\\Blueprint->build()
#6 /home/mohammed-ouais/project-Huma-volve-Laravel/grocery-training-project-round-2/vendor/laravel/framework/src/Illuminate/Database/Schema/Builder.php(456): Illuminate\\Database\\Schema\\Builder->build()
#7 /home/mohammed-ouais/project-Huma-volve-Laravel/grocery-training-project-round-2/vendor/laravel/framework/src/Illuminate/Support/Facades/Facade.php(355): Illuminate\\Database\\Schema\\Builder->create()
#8 /home/mohammed-ouais/project-Huma-volve-Laravel/grocery-training-project-round-2/database/migrations/2026_08_04_143251_create__table.php(14): Illuminate\\Support\\Facades\\Facade::__callStatic()
#9 /home/mohammed-ouais/project-Huma-volve-Laravel/grocery-training-project-round-2/vendor/laravel/framework/src/Illuminate/Database/Migrations/Migrator.php(501): Illuminate\\Database\\Migrations\\Migration@anonymous->up()
#10 /home/mohammed-ouais/project-Huma-volve-Laravel/grocery-training-project-round-2/vendor/laravel/framework/src/Illuminate/Database/Migrations/Migrator.php(418): Illuminate\\Database\\Migrations\\Migrator->runMethod()
#11 /home/mohammed-ouais/project-Huma-volve-Laravel/grocery-training-project-round-2/vendor/laravel/framework/src/Illuminate/Database/Migrations/Migrator.php(427): Illuminate\\Database\\Migrations\\Migrator->Illuminate\\Database\\Migrations\\{closure}()
#12 /home/mohammed-ouais/project-Huma-volve-Laravel/grocery-training-project-round-2/vendor/laravel/framework/src/Illuminate/Database/Migrations/Migrator.php(224): Illuminate\\Database\\Migrations\\Migrator->runMigration()
#13 /home/mohammed-ouais/project-Huma-volve-Laravel/grocery-training-project-round-2/vendor/laravel/framework/src/Illuminate/Console/View/Components/Task.php(37): Illuminate\\Database\\Migrations\\Migrator->Illuminate\\Database\\Migrations\\{closure}()
#14 /home/mohammed-ouais/project-Huma-volve-Laravel/grocery-training-project-round-2/vendor/laravel/framework/src/Illuminate/Database/Migrations/Migrator.php(783): Illuminate\\Console\\View\\Components\\Task->render()
#15 /home/mohammed-ouais/project-Huma-volve-Laravel/grocery-training-project-round-2/vendor/laravel/framework/src/Illuminate/Database/Migrations/Migrator.php(224): Illuminate\\Database\\Migrations\\Migrator->write()
#16 /home/mohammed-ouais/project-Huma-volve-Laravel/grocery-training-project-round-2/vendor/laravel/framework/src/Illuminate/Database/Migrations/Migrator.php(189): Illuminate\\Database\\Migrations\\Migrator->runUp()
#17 /home/mohammed-ouais/project-Huma-volve-Laravel/grocery-training-project-round-2/vendor/laravel/framework/src/Illuminate/Database/Migrations/Migrator.php(132): Illuminate\\Database\\Migrations\\Migrator->runPending()
#18 /home/mohammed-ouais/project-Huma-volve-Laravel/grocery-training-project-round-2/vendor/laravel/framework/src/Illuminate/Database/Console/Migrations/MigrateCommand.php(90): Illuminate\\Database\\Migrations\\Migrator->run()
#19 /home/mohammed-ouais/project-Huma-volve-Laravel/grocery-training-project-round-2/vendor/laravel/framework/src/Illuminate/Database/Migrations/Migrator.php(641): Illuminate\\Database\\Console\\Migrations\\MigrateCommand->Illuminate\\Database\\Console\\Migrations\\{closure}()
#20 /home/mohammed-ouais/project-Huma-volve-Laravel/grocery-training-project-round-2/vendor/laravel/framework/src/Illuminate/Database/Console/Migrations/MigrateCommand.php(83): Illuminate\\Database\\Migrations\\Migrator->usingConnection()
#21 /home/mohammed-ouais/project-Huma-volve-Laravel/grocery-training-project-round-2/vendor/laravel/framework/src/Illuminate/Container/BoundMethod.php(36): Illuminate\\Database\\Console\\Migrations\\MigrateCommand->handle()
#22 /home/mohammed-ouais/project-Huma-volve-Laravel/grocery-training-project-round-2/vendor/laravel/framework/src/Illuminate/Container/Util.php(41): Illuminate\\Container\\BoundMethod::Illuminate\\Container\\{closure}()
#23 /home/mohammed-ouais/project-Huma-volve-Laravel/grocery-training-project-round-2/vendor/laravel/framework/src/Illuminate/Container/BoundMethod.php(93): Illuminate\\Container\\Util::unwrapIfClosure()
#24 /home/mohammed-ouais/project-Huma-volve-Laravel/grocery-training-project-round-2/vendor/laravel/framework/src/Illuminate/Container/BoundMethod.php(35): Illuminate\\Container\\BoundMethod::callBoundMethod()
#25 /home/mohammed-ouais/project-Huma-volve-Laravel/grocery-training-project-round-2/vendor/laravel/framework/src/Illuminate/Container/Container.php(662): Illuminate\\Container\\BoundMethod::call()
#26 /home/mohammed-ouais/project-Huma-volve-Laravel/grocery-training-project-round-2/vendor/laravel/framework/src/Illuminate/Console/Command.php(211): Illuminate\\Container\\Container->call()
#27 /home/mohammed-ouais/project-Huma-volve-Laravel/grocery-training-project-round-2/vendor/symfony/console/Command/Command.php(326): Illuminate\\Console\\Command->execute()
#28 /home/mohammed-ouais/project-Huma-volve-Laravel/grocery-training-project-round-2/vendor/laravel/framework/src/Illuminate/Console/Command.php(180): Symfony\\Component\\Console\\Command\\Command->run()
#29 /home/mohammed-ouais/project-Huma-volve-Laravel/grocery-training-project-round-2/vendor/laravel/framework/src/Illuminate/Console/Concerns/CallsCommands.php(67): Illuminate\\Console\\Command->run()
#30 /home/mohammed-ouais/project-Huma-volve-Laravel/grocery-training-project-round-2/vendor/laravel/framework/src/Illuminate/Console/Concerns/CallsCommands.php(28): Illuminate\\Console\\Command->runCommand()
#31 /home/mohammed-ouais/project-Huma-volve-Laravel/grocery-training-project-round-2/vendor/laravel/framework/src/Illuminate/Database/Console/Migrations/FreshCommand.php(53): Illuminate\\Console\\Command->call()
#32 /home/mohammed-ouais/project-Huma-volve-Laravel/grocery-training-project-round-2/vendor/laravel/framework/src/Illuminate/Container/BoundMethod.php(36): Illuminate\\Database\\Console\\Migrations\\FreshCommand->handle()
#33 /home/mohammed-ouais/project-Huma-volve-Laravel/grocery-training-project-round-2/vendor/laravel/framework/src/Illuminate/Container/Util.php(41): Illuminate\\Container\\BoundMethod::Illuminate\\Container\\{closure}()
#34 /home/mohammed-ouais/project-Huma-volve-Laravel/grocery-training-project-round-2/vendor/laravel/framework/src/Illuminate/Container/BoundMethod.php(93): Illuminate\\Container\\Util::unwrapIfClosure()
#35 /home/mohammed-ouais/project-Huma-volve-Laravel/grocery-training-project-round-2/vendor/laravel/framework/src/Illuminate/Container/BoundMethod.php(35): Illuminate\\Container\\BoundMethod::callBoundMethod()
#36 /home/mohammed-ouais/project-Huma-volve-Laravel/grocery-training-project-round-2/vendor/laravel/framework/src/Illuminate/Container/Container.php(662): Illuminate\\Container\\BoundMethod::call()
#37 /home/mohammed-ouais/project-Huma-volve-Laravel/grocery-training-project-round-2/vendor/laravel/framework/src/Illuminate/Console/Command.php(211): Illuminate\\Container\\Container->call()
#38 /home/mohammed-ouais/project-Huma-volve-Laravel/grocery-training-project-round-2/vendor/symfony/console/Command/Command.php(326): Illuminate\\Console\\Command->execute()
#39 /home/mohammed-ouais/project-Huma-volve-Laravel/grocery-training-project-round-2/vendor/laravel/framework/src/Illuminate/Console/Command.php(180): Symfony\\Component\\Console\\Command\\Command->run()
#40 /home/mohammed-ouais/project-Huma-volve-Laravel/grocery-training-project-round-2/vendor/symfony/console/Application.php(1106): Illuminate\\Console\\Command->run()
#41 /home/mohammed-ouais/project-Huma-volve-Laravel/grocery-training-project-round-2/vendor/symfony/console/Application.php(324): Symfony\\Component\\Console\\Application->doRunCommand()
#42 /home/mohammed-ouais/project-Huma-volve-Laravel/grocery-training-project-round-2/vendor/symfony/console/Application.php(175): Symfony\\Component\\Console\\Application->doRun()
#43 /home/mohammed-ouais/project-Huma-volve-Laravel/grocery-training-project-round-2/vendor/laravel/framework/src/Illuminate/Foundation/Console/Kernel.php(201): Symfony\\Component\\Console\\Application->run()
#44 /home/mohammed-ouais/project-Huma-volve-Laravel/grocery-training-project-round-2/artisan(35): Illuminate\\Foundation\\Console\\Kernel->handle()
#45 {main}
"} 
[2026-08-07 08:05:22] local.ERROR: SQLSTATE[23000]: Integrity constraint violation: 1062 Duplicate entry 'bakery' for key 'categories_slug_unique' (Connection: mysql, SQL: insert into `categories` (`name`, `slug`, `description`, `is_active`, `sort_order`, `updated_at`, `created_at`) values (Bakery, bakery, Fresh bread and pastries, 1, 3, 2026-08-07 08:05:22, 2026-08-07 08:05:22)) {"exception":"[object] (Illuminate\\Database\\UniqueConstraintViolationException(code: 23000): SQLSTATE[23000]: Integrity constraint violation: 1062 Duplicate entry 'bakery' for key 'categories_slug_unique' (Connection: mysql, SQL: insert into `categories` (`name`, `slug`, `description`, `is_active`, `sort_order`, `updated_at`, `created_at`) values (Bakery, bakery, Fresh bread and pastries, 1, 3, 2026-08-07 08:05:22, 2026-08-07 08:05:22)) at /home/mohammed-ouais/project-Huma-volve-Laravel/grocery-training-project-round-2/vendor/laravel/framework/src/Illuminate/Database/Connection.php:824)
[stacktrace]
#0 /home/mohammed-ouais/project-Huma-volve-Laravel/grocery-training-project-round-2/vendor/laravel/framework/src/Illuminate/Database/Connection.php(783): Illuminate\\Database\\Connection->runQueryCallback()
#1 /home/mohammed-ouais/project-Huma-volve-Laravel/grocery-training-project-round-2/vendor/laravel/framework/src/Illuminate/Database/MySqlConnection.php(34): Illuminate\\Database\\Connection->run()
#2 /home/mohammed-ouais/project-Huma-volve-Laravel/grocery-training-project-round-2/vendor/laravel/framework/src/Illuminate/Database/Query/Processors/MySqlProcessor.php(35): Illuminate\\Database\\MySqlConnection->insert()
#3 /home/mohammed-ouais/project-Huma-volve-Laravel/grocery-training-project-round-2/vendor/laravel/framework/src/Illuminate/Database/Query/Builder.php(3549): Illuminate\\Database\\Query\\Processors\\MySqlProcessor->processInsertGetId()
#4 /home/mohammed-ouais/project-Huma-volve-Laravel/grocery-training-project-round-2/vendor/laravel/framework/src/Illuminate/Database/Eloquent/Builder.php(1982): Illuminate\\Database\\Query\\Builder->insertGetId()
#5 /home/mohammed-ouais/project-Huma-volve-Laravel/grocery-training-project-round-2/vendor/laravel/framework/src/Illuminate/Database/Eloquent/Model.php(1334): Illuminate\\Database\\Eloquent\\Builder->__call()
#6 /home/mohammed-ouais/project-Huma-volve-Laravel/grocery-training-project-round-2/vendor/laravel/framework/src/Illuminate/Database/Eloquent/Model.php(1299): Illuminate\\Database\\Eloquent\\Model->insertAndSetId()
#7 /home/mohammed-ouais/project-Huma-volve-Laravel/grocery-training-project-round-2/vendor/laravel/framework/src/Illuminate/Database/Eloquent/Model.php(1138): Illuminate\\Database\\Eloquent\\Model->performInsert()
#8 /home/mohammed-ouais/project-Huma-volve-Laravel/grocery-training-project-round-2/vendor/laravel/framework/src/Illuminate/Database/Eloquent/Builder.php(1025): Illuminate\\Database\\Eloquent\\Model->save()
#9 /home/mohammed-ouais/project-Huma-volve-Laravel/grocery-training-project-round-2/vendor/laravel/framework/src/Illuminate/Support/helpers.php(320): Illuminate\\Database\\Eloquent\\Builder->Illuminate\\Database\\Eloquent\\{closure}()
#10 /home/mohammed-ouais/project-Huma-volve-Laravel/grocery-training-project-round-2/vendor/laravel/framework/src/Illuminate/Database/Eloquent/Builder.php(1024): tap()
#11 /home/mohammed-ouais/project-Huma-volve-Laravel/grocery-training-project-round-2/vendor/laravel/framework/src/Illuminate/Support/Traits/ForwardsCalls.php(23): Illuminate\\Database\\Eloquent\\Builder->create()
#12 /home/mohammed-ouais/project-Huma-volve-Laravel/grocery-training-project-round-2/vendor/laravel/framework/src/Illuminate/Database/Eloquent/Model.php(2335): Illuminate\\Database\\Eloquent\\Model->forwardCallTo()
#13 /home/mohammed-ouais/project-Huma-volve-Laravel/grocery-training-project-round-2/vendor/laravel/framework/src/Illuminate/Database/Eloquent/Model.php(2347): Illuminate\\Database\\Eloquent\\Model->__call()
#14 /home/mohammed-ouais/project-Huma-volve-Laravel/grocery-training-project-round-2/database/seeders/DummyDataSeeder.php(48): Illuminate\\Database\\Eloquent\\Model::__callStatic()
#15 /home/mohammed-ouais/project-Huma-volve-Laravel/grocery-training-project-round-2/vendor/laravel/framework/src/Illuminate/Container/BoundMethod.php(36): Database\\Seeders\\DummyDataSeeder->run()
#16 /home/mohammed-ouais/project-Huma-volve-Laravel/grocery-training-project-round-2/vendor/laravel/framework/src/Illuminate/Container/Util.php(41): Illuminate\\Container\\BoundMethod::Illuminate\\Container\\{closure}()
#17 /home/mohammed-ouais/project-Huma-volve-Laravel/grocery-training-project-round-2/vendor/laravel/framework/src/Illuminate/Container/BoundMethod.php(93): Illuminate\\Container\\Util::unwrapIfClosure()
#18 /home/mohammed-ouais/project-Huma-volve-Laravel/grocery-training-project-round-2/vendor/laravel/framework/src/Illuminate/Container/BoundMethod.php(35): Illuminate\\Container\\BoundMethod::callBoundMethod()
#19 /home/mohammed-ouais/project-Huma-volve-Laravel/grocery-training-project-round-2/vendor/laravel/framework/src/Illuminate/Container/Container.php(662): Illuminate\\Container\\BoundMethod::call()
#20 /home/mohammed-ouais/project-Huma-volve-Laravel/grocery-training-project-round-2/vendor/laravel/framework/src/Illuminate/Database/Seeder.php(184): Illuminate\\Container\\Container->call()
#21 /home/mohammed-ouais/project-Huma-volve-Laravel/grocery-training-project-round-2/vendor/laravel/framework/src/Illuminate/Database/Seeder.php(193): Illuminate\\Database\\Seeder->Illuminate\\Database\\{closure}()
#22 /home/mohammed-ouais/project-Huma-volve-Laravel/grocery-training-project-round-2/vendor/laravel/framework/src/Illuminate/Database/Console/Seeds/SeedCommand.php(70): Illuminate\\Database\\Seeder->__invoke()
#23 /home/mohammed-ouais/project-Huma-volve-Laravel/grocery-training-project-round-2/vendor/laravel/framework/src/Illuminate/Database/Eloquent/Concerns/GuardsAttributes.php(155): Illuminate\\Database\\Console\\Seeds\\SeedCommand->Illuminate\\Database\\Console\\Seeds\\{closure}()
#24 /home/mohammed-ouais/project-Huma-volve-Laravel/grocery-training-project-round-2/vendor/laravel/framework/src/Illuminate/Database/Console/Seeds/SeedCommand.php(69): Illuminate\\Database\\Eloquent\\Model::unguarded()
#25 /home/mohammed-ouais/project-Huma-volve-Laravel/grocery-training-project-round-2/vendor/laravel/framework/src/Illuminate/Container/BoundMethod.php(36): Illuminate\\Database\\Console\\Seeds\\SeedCommand->handle()
#26 /home/mohammed-ouais/project-Huma-volve-Laravel/grocery-training-project-round-2/vendor/laravel/framework/src/Illuminate/Container/Util.php(41): Illuminate\\Container\\BoundMethod::Illuminate\\Container\\{closure}()
#27 /home/mohammed-ouais/project-Huma-volve-Laravel/grocery-training-project-round-2/vendor/laravel/framework/src/Illuminate/Container/BoundMethod.php(93): Illuminate\\Container\\Util::unwrapIfClosure()
#28 /home/mohammed-ouais/project-Huma-volve-Laravel/grocery-training-project-round-2/vendor/laravel/framework/src/Illuminate/Container/BoundMethod.php(35): Illuminate\\Container\\BoundMethod::callBoundMethod()
#29 /home/mohammed-ouais/project-Huma-volve-Laravel/grocery-training-project-round-2/vendor/laravel/framework/src/Illuminate/Container/Container.php(662): Illuminate\\Container\\BoundMethod::call()
#30 /home/mohammed-ouais/project-Huma-volve-Laravel/grocery-training-project-round-2/vendor/laravel/framework/src/Illuminate/Console/Command.php(211): Illuminate\\Container\\Container->call()
#31 /home/mohammed-ouais/project-Huma-volve-Laravel/grocery-training-project-round-2/vendor/symfony/console/Command/Command.php(326): Illuminate\\Console\\Command->execute()
#32 /home/mohammed-ouais/project-Huma-volve-Laravel/grocery-training-project-round-2/vendor/laravel/framework/src/Illuminate/Console/Command.php(180): Symfony\\Component\\Console\\Command\\Command->run()
#33 /home/mohammed-ouais/project-Huma-volve-Laravel/grocery-training-project-round-2/vendor/symfony/console/Application.php(1106): Illuminate\\Console\\Command->run()
#34 /home/mohammed-ouais/project-Huma-volve-Laravel/grocery-training-project-round-2/vendor/symfony/console/Application.php(324): Symfony\\Component\\Console\\Application->doRunCommand()
#35 /home/mohammed-ouais/project-Huma-volve-Laravel/grocery-training-project-round-2/vendor/symfony/console/Application.php(175): Symfony\\Component\\Console\\Application->doRun()
#36 /home/mohammed-ouais/project-Huma-volve-Laravel/grocery-training-project-round-2/vendor/laravel/framework/src/Illuminate/Foundation/Console/Kernel.php(201): Symfony\\Component\\Console\\Application->run()
#37 /home/mohammed-ouais/project-Huma-volve-Laravel/grocery-training-project-round-2/artisan(35): Illuminate\\Foundation\\Console\\Kernel->handle()
#38 {main}

[previous exception] [object] (PDOException(code: 23000): SQLSTATE[23000]: Integrity constraint violation: 1062 Duplicate entry 'bakery' for key 'categories_slug_unique' at /home/mohammed-ouais/project-Huma-volve-Laravel/grocery-training-project-round-2/vendor/laravel/framework/src/Illuminate/Database/MySqlConnection.php:45)
[stacktrace]
#0 /home/mohammed-ouais/project-Huma-volve-Laravel/grocery-training-project-round-2/vendor/laravel/framework/src/Illuminate/Database/MySqlConnection.php(45): PDOStatement->execute()
#1 /home/mohammed-ouais/project-Huma-volve-Laravel/grocery-training-project-round-2/vendor/laravel/framework/src/Illuminate/Database/Connection.php(816): Illuminate\\Database\\MySqlConnection->Illuminate\\Database\\{closure}()
#2 /home/mohammed-ouais/project-Huma-volve-Laravel/grocery-training-project-round-2/vendor/laravel/framework/src/Illuminate/Database/Connection.php(783): Illuminate\\Database\\Connection->runQueryCallback()
#3 /home/mohammed-ouais/project-Huma-volve-Laravel/grocery-training-project-round-2/vendor/laravel/framework/src/Illuminate/Database/MySqlConnection.php(34): Illuminate\\Database\\Connection->run()
#4 /home/mohammed-ouais/project-Huma-volve-Laravel/grocery-training-project-round-2/vendor/laravel/framework/src/Illuminate/Database/Query/Processors/MySqlProcessor.php(35): Illuminate\\Database\\MySqlConnection->insert()
#5 /home/mohammed-ouais/project-Huma-volve-Laravel/grocery-training-project-round-2/vendor/laravel/framework/src/Illuminate/Database/Query/Builder.php(3549): Illuminate\\Database\\Query\\Processors\\MySqlProcessor->processInsertGetId()
#6 /home/mohammed-ouais/project-Huma-volve-Laravel/grocery-training-project-round-2/vendor/laravel/framework/src/Illuminate/Database/Eloquent/Builder.php(1982): Illuminate\\Database\\Query\\Builder->insertGetId()
#7 /home/mohammed-ouais/project-Huma-volve-Laravel/grocery-training-project-round-2/vendor/laravel/framework/src/Illuminate/Database/Eloquent/Model.php(1334): Illuminate\\Database\\Eloquent\\Builder->__call()
#8 /home/mohammed-ouais/project-Huma-volve-Laravel/grocery-training-project-round-2/vendor/laravel/framework/src/Illuminate/Database/Eloquent/Model.php(1299): Illuminate\\Database\\Eloquent\\Model->insertAndSetId()
#9 /home/mohammed-ouais/project-Huma-volve-Laravel/grocery-training-project-round-2/vendor/laravel/framework/src/Illuminate/Database/Eloquent/Model.php(1138): Illuminate\\Database\\Eloquent\\Model->performInsert()
#10 /home/mohammed-ouais/project-Huma-volve-Laravel/grocery-training-project-round-2/vendor/laravel/framework/src/Illuminate/Database/Eloquent/Builder.php(1025): Illuminate\\Database\\Eloquent\\Model->save()
#11 /home/mohammed-ouais/project-Huma-volve-Laravel/grocery-training-project-round-2/vendor/laravel/framework/src/Illuminate/Support/helpers.php(320): Illuminate\\Database\\Eloquent\\Builder->Illuminate\\Database\\Eloquent\\{closure}()
#12 /home/mohammed-ouais/project-Huma-volve-Laravel/grocery-training-project-round-2/vendor/laravel/framework/src/Illuminate/Database/Eloquent/Builder.php(1024): tap()
#13 /home/mohammed-ouais/project-Huma-volve-Laravel/grocery-training-project-round-2/vendor/laravel/framework/src/Illuminate/Support/Traits/ForwardsCalls.php(23): Illuminate\\Database\\Eloquent\\Builder->create()
#14 /home/mohammed-ouais/project-Huma-volve-Laravel/grocery-training-project-round-2/vendor/laravel/framework/src/Illuminate/Database/Eloquent/Model.php(2335): Illuminate\\Database\\Eloquent\\Model->forwardCallTo()
#15 /home/mohammed-ouais/project-Huma-volve-Laravel/grocery-training-project-round-2/vendor/laravel/framework/src/Illuminate/Database/Eloquent/Model.php(2347): Illuminate\\Database\\Eloquent\\Model->__call()
#16 /home/mohammed-ouais/project-Huma-volve-Laravel/grocery-training-project-round-2/database/seeders/DummyDataSeeder.php(48): Illuminate\\Database\\Eloquent\\Model::__callStatic()
#17 /home/mohammed-ouais/project-Huma-volve-Laravel/grocery-training-project-round-2/vendor/laravel/framework/src/Illuminate/Container/BoundMethod.php(36): Database\\Seeders\\DummyDataSeeder->run()
#18 /home/mohammed-ouais/project-Huma-volve-Laravel/grocery-training-project-round-2/vendor/laravel/framework/src/Illuminate/Container/Util.php(41): Illuminate\\Container\\BoundMethod::Illuminate\\Container\\{closure}()
#19 /home/mohammed-ouais/project-Huma-volve-Laravel/grocery-training-project-round-2/vendor/laravel/framework/src/Illuminate/Container/BoundMethod.php(93): Illuminate\\Container\\Util::unwrapIfClosure()
#20 /home/mohammed-ouais/project-Huma-volve-Laravel/grocery-training-project-round-2/vendor/laravel/framework/src/Illuminate/Container/BoundMethod.php(35): Illuminate\\Container\\BoundMethod::callBoundMethod()
#21 /home/mohammed-ouais/project-Huma-volve-Laravel/grocery-training-project-round-2/vendor/laravel/framework/src/Illuminate/Container/Container.php(662): Illuminate\\Container\\BoundMethod::call()
#22 /home/mohammed-ouais/project-Huma-volve-Laravel/grocery-training-project-round-2/vendor/laravel/framework/src/Illuminate/Database/Seeder.php(184): Illuminate\\Container\\Container->call()
#23 /home/mohammed-ouais/project-Huma-volve-Laravel/grocery-training-project-round-2/vendor/laravel/framework/src/Illuminate/Database/Seeder.php(193): Illuminate\\Database\\Seeder->Illuminate\\Database\\{closure}()
#24 /home/mohammed-ouais/project-Huma-volve-Laravel/grocery-training-project-round-2/vendor/laravel/framework/src/Illuminate/Database/Console/Seeds/SeedCommand.php(70): Illuminate\\Database\\Seeder->__invoke()
#25 /home/mohammed-ouais/project-Huma-volve-Laravel/grocery-training-project-round-2/vendor/laravel/framework/src/Illuminate/Database/Eloquent/Concerns/GuardsAttributes.php(155): Illuminate\\Database\\Console\\Seeds\\SeedCommand->Illuminate\\Database\\Console\\Seeds\\{closure}()
#26 /home/mohammed-ouais/project-Huma-volve-Laravel/grocery-training-project-round-2/vendor/laravel/framework/src/Illuminate/Database/Console/Seeds/SeedCommand.php(69): Illuminate\\Database\\Eloquent\\Model::unguarded()
#27 /home/mohammed-ouais/project-Huma-volve-Laravel/grocery-training-project-round-2/vendor/laravel/framework/src/Illuminate/Container/BoundMethod.php(36): Illuminate\\Database\\Console\\Seeds\\SeedCommand->handle()
#28 /home/mohammed-ouais/project-Huma-volve-Laravel/grocery-training-project-round-2/vendor/laravel/framework/src/Illuminate/Container/Util.php(41): Illuminate\\Container\\BoundMethod::Illuminate\\Container\\{closure}()
#29 /home/mohammed-ouais/project-Huma-volve-Laravel/grocery-training-project-round-2/vendor/laravel/framework/src/Illuminate/Container/BoundMethod.php(93): Illuminate\\Container\\Util::unwrapIfClosure()
#30 /home/mohammed-ouais/project-Huma-volve-Laravel/grocery-training-project-round-2/vendor/laravel/framework/src/Illuminate/Container/BoundMethod.php(35): Illuminate\\Container\\BoundMethod::callBoundMethod()
#31 /home/mohammed-ouais/project-Huma-volve-Laravel/grocery-training-project-round-2/vendor/laravel/framework/src/Illuminate/Container/Container.php(662): Illuminate\\Container\\BoundMethod::call()
#32 /home/mohammed-ouais/project-Huma-volve-Laravel/grocery-training-project-round-2/vendor/laravel/framework/src/Illuminate/Console/Command.php(211): Illuminate\\Container\\Container->call()
#33 /home/mohammed-ouais/project-Huma-volve-Laravel/grocery-training-project-round-2/vendor/symfony/console/Command/Command.php(326): Illuminate\\Console\\Command->execute()
#34 /home/mohammed-ouais/project-Huma-volve-Laravel/grocery-training-project-round-2/vendor/laravel/framework/src/Illuminate/Console/Command.php(180): Symfony\\Component\\Console\\Command\\Command->run()
#35 /home/mohammed-ouais/project-Huma-volve-Laravel/grocery-training-project-round-2/vendor/symfony/console/Application.php(1106): Illuminate\\Console\\Command->run()
#36 /home/mohammed-ouais/project-Huma-volve-Laravel/grocery-training-project-round-2/vendor/symfony/console/Application.php(324): Symfony\\Component\\Console\\Application->doRunCommand()
#37 /home/mohammed-ouais/project-Huma-volve-Laravel/grocery-training-project-round-2/vendor/symfony/console/Application.php(175): Symfony\\Component\\Console\\Application->doRun()
#38 /home/mohammed-ouais/project-Huma-volve-Laravel/grocery-training-project-round-2/vendor/laravel/framework/src/Illuminate/Foundation/Console/Kernel.php(201): Symfony\\Component\\Console\\Application->run()
#39 /home/mohammed-ouais/project-Huma-volve-Laravel/grocery-training-project-round-2/artisan(35): Illuminate\\Foundation\\Console\\Kernel->handle()
#40 {main}
"} 
[2026-08-07 08:08:21] local.ERROR: Route [login] not defined. {"exception":"[object] (Symfony\\Component\\Routing\\Exception\\RouteNotFoundException(code: 0): Route [login] not defined. at /home/mohammed-ouais/project-Huma-volve-Laravel/grocery-training-project-round-2/vendor/laravel/framework/src/Illuminate/Routing/UrlGenerator.php:477)
[stacktrace]
#0 /home/mohammed-ouais/project-Huma-volve-Laravel/grocery-training-project-round-2/vendor/laravel/framework/src/Illuminate/Foundation/helpers.php(811): Illuminate\\Routing\\UrlGenerator->route()
#1 /home/mohammed-ouais/project-Huma-volve-Laravel/grocery-training-project-round-2/vendor/laravel/framework/src/Illuminate/Foundation/Exceptions/Handler.php(570): route()
#2 /home/mohammed-ouais/project-Huma-volve-Laravel/grocery-training-project-round-2/vendor/laravel/framework/src/Illuminate/Foundation/Exceptions/Handler.php(471): Illuminate\\Foundation\\Exceptions\\Handler->unauthenticated()
#3 /home/mohammed-ouais/project-Huma-volve-Laravel/grocery-training-project-round-2/vendor/laravel/framework/src/Illuminate/Routing/Pipeline.php(51): Illuminate\\Foundation\\Exceptions\\Handler->render()
#4 /home/mohammed-ouais/project-Huma-volve-Laravel/grocery-training-project-round-2/vendor/laravel/framework/src/Illuminate/Pipeline/Pipeline.php(188): Illuminate\\Routing\\Pipeline->handleException()
#5 /home/mohammed-ouais/project-Huma-volve-Laravel/grocery-training-project-round-2/vendor/laravel/framework/src/Illuminate/View/Middleware/ShareErrorsFromSession.php(49): Illuminate\\Pipeline\\Pipeline->Illuminate\\Pipeline\\{closure}()
#6 /home/mohammed-ouais/project-Huma-volve-Laravel/grocery-training-project-round-2/vendor/laravel/framework/src/Illuminate/Pipeline/Pipeline.php(183): Illuminate\\View\\Middleware\\ShareErrorsFromSession->handle()
#7 /home/mohammed-ouais/project-Huma-volve-Laravel/grocery-training-project-round-2/vendor/laravel/framework/src/Illuminate/Session/Middleware/StartSession.php(121): Illuminate\\Pipeline\\Pipeline->Illuminate\\Pipeline\\{closure}()
#8 /home/mohammed-ouais/project-Huma-volve-Laravel/grocery-training-project-round-2/vendor/laravel/framework/src/Illuminate/Session/Middleware/StartSession.php(64): Illuminate\\Session\\Middleware\\StartSession->handleStatefulRequest()
#9 /home/mohammed-ouais/project-Huma-volve-Laravel/grocery-training-project-round-2/vendor/laravel/framework/src/Illuminate/Pipeline/Pipeline.php(183): Illuminate\\Session\\Middleware\\StartSession->handle()
#10 /home/mohammed-ouais/project-Huma-volve-Laravel/grocery-training-project-round-2/vendor/laravel/framework/src/Illuminate/Cookie/Middleware/AddQueuedCookiesToResponse.php(37): Illuminate\\Pipeline\\Pipeline->Illuminate\\Pipeline\\{closure}()
#11 /home/mohammed-ouais/project-Huma-volve-Laravel/grocery-training-project-round-2/vendor/laravel/framework/src/Illuminate/Pipeline/Pipeline.php(183): Illuminate\\Cookie\\Middleware\\AddQueuedCookiesToResponse->handle()
#12 /home/mohammed-ouais/project-Huma-volve-Laravel/grocery-training-project-round-2/vendor/laravel/framework/src/Illuminate/Cookie/Middleware/EncryptCookies.php(67): Illuminate\\Pipeline\\Pipeline->Illuminate\\Pipeline\\{closure}()
#13 /home/mohammed-ouais/project-Huma-volve-Laravel/grocery-training-project-round-2/vendor/laravel/framework/src/Illuminate/Pipeline/Pipeline.php(183): Illuminate\\Cookie\\Middleware\\EncryptCookies->handle()
#14 /home/mohammed-ouais/project-Huma-volve-Laravel/grocery-training-project-round-2/vendor/filament/filament/src/Http/Middleware/SetUpPanel.php(19): Illuminate\\Pipeline\\Pipeline->Illuminate\\Pipeline\\{closure}()
#15 /home/mohammed-ouais/project-Huma-volve-Laravel/grocery-training-project-round-2/vendor/laravel/framework/src/Illuminate/Pipeline/Pipeline.php(183): Filament\\Http\\Middleware\\SetUpPanel->handle()
#16 /home/mohammed-ouais/project-Huma-volve-Laravel/grocery-training-project-round-2/vendor/laravel/framework/src/Illuminate/Pipeline/Pipeline.php(119): Illuminate\\Pipeline\\Pipeline->Illuminate\\Pipeline\\{closure}()
#17 /home/mohammed-ouais/project-Huma-volve-Laravel/grocery-training-project-round-2/vendor/laravel/framework/src/Illuminate/Routing/Router.php(805): Illuminate\\Pipeline\\Pipeline->then()
#18 /home/mohammed-ouais/project-Huma-volve-Laravel/grocery-training-project-round-2/vendor/laravel/framework/src/Illuminate/Routing/Router.php(784): Illuminate\\Routing\\Router->runRouteWithinStack()
#19 /home/mohammed-ouais/project-Huma-volve-Laravel/grocery-training-project-round-2/vendor/laravel/framework/src/Illuminate/Routing/Router.php(748): Illuminate\\Routing\\Router->runRoute()
#20 /home/mohammed-ouais/project-Huma-volve-Laravel/grocery-training-project-round-2/vendor/laravel/framework/src/Illuminate/Routing/Router.php(737): Illuminate\\Routing\\Router->dispatchToRoute()
#21 /home/mohammed-ouais/project-Huma-volve-Laravel/grocery-training-project-round-2/vendor/laravel/framework/src/Illuminate/Foundation/Http/Kernel.php(200): Illuminate\\Routing\\Router->dispatch()
#22 /home/mohammed-ouais/project-Huma-volve-Laravel/grocery-training-project-round-2/vendor/laravel/framework/src/Illuminate/Pipeline/Pipeline.php(144): Illuminate\\Foundation\\Http\\Kernel->Illuminate\\Foundation\\Http\\{closure}()
#23 /home/mohammed-ouais/project-Huma-volve-Laravel/grocery-training-project-round-2/vendor/livewire/livewire/src/Features/SupportDisablingBackButtonCache/DisableBackButtonCacheMiddleware.php(19): Illuminate\\Pipeline\\Pipeline->Illuminate\\Pipeline\\{closure}()
#24 /home/mohammed-ouais/project-Huma-volve-Laravel/grocery-training-project-round-2/vendor/laravel/framework/src/Illuminate/Pipeline/Pipeline.php(183): Livewire\\Features\\SupportDisablingBackButtonCache\\DisableBackButtonCacheMiddleware->handle()
#25 /home/mohammed-ouais/project-Huma-volve-Laravel/grocery-training-project-round-2/vendor/laravel/framework/src/Illuminate/Foundation/Http/Middleware/TransformsRequest.php(21): Illuminate\\Pipeline\\Pipeline->Illuminate\\Pipeline\\{closure}()
#26 /home/mohammed-ouais/project-Huma-volve-Laravel/grocery-training-project-round-2/vendor/laravel/framework/src/Illuminate/Foundation/Http/Middleware/ConvertEmptyStringsToNull.php(31): Illuminate\\Foundation\\Http\\Middleware\\TransformsRequest->handle()
#27 /home/mohammed-ouais/project-Huma-volve-Laravel/grocery-training-project-round-2/vendor/laravel/framework/src/Illuminate/Pipeline/Pipeline.php(183): Illuminate\\Foundation\\Http\\Middleware\\ConvertEmptyStringsToNull->handle()
#28 /home/mohammed-ouais/project-Huma-volve-Laravel/grocery-training-project-round-2/vendor/laravel/framework/src/Illuminate/Foundation/Http/Middleware/TransformsRequest.php(21): Illuminate\\Pipeline\\Pipeline->Illuminate\\Pipeline\\{closure}()
#29 /home/mohammed-ouais/project-Huma-volve-Laravel/grocery-training-project-round-2/vendor/laravel/framework/src/Illuminate/Foundation/Http/Middleware/TrimStrings.php(40): Illuminate\\Foundation\\Http\\Middleware\\TransformsRequest->handle()
#30 /home/mohammed-ouais/project-Huma-volve-Laravel/grocery-training-project-round-2/vendor/laravel/framework/src/Illuminate/Pipeline/Pipeline.php(183): Illuminate\\Foundation\\Http\\Middleware\\TrimStrings->handle()
#31 /home/mohammed-ouais/project-Huma-volve-Laravel/grocery-training-project-round-2/vendor/laravel/framework/src/Illuminate/Foundation/Http/Middleware/ValidatePostSize.php(27): Illuminate\\Pipeline\\Pipeline->Illuminate\\Pipeline\\{closure}()
#32 /home/mohammed-ouais/project-Huma-volve-Laravel/grocery-training-project-round-2/vendor/laravel/framework/src/Illuminate/Pipeline/Pipeline.php(183): Illuminate\\Foundation\\Http\\Middleware\\ValidatePostSize->handle()
#33 /home/mohammed-ouais/project-Huma-volve-Laravel/grocery-training-project-round-2/vendor/laravel/framework/src/Illuminate/Foundation/Http/Middleware/PreventRequestsDuringMaintenance.php(99): Illuminate\\Pipeline\\Pipeline->Illuminate\\Pipeline\\{closure}()
#34 /home/mohammed-ouais/project-Huma-volve-Laravel/grocery-training-project-round-2/vendor/laravel/framework/src/Illuminate/Pipeline/Pipeline.php(183): Illuminate\\Foundation\\Http\\Middleware\\PreventRequestsDuringMaintenance->handle()
#35 /home/mohammed-ouais/project-Huma-volve-Laravel/grocery-training-project-round-2/vendor/laravel/framework/src/Illuminate/Http/Middleware/HandleCors.php(49): Illuminate\\Pipeline\\Pipeline->Illuminate\\Pipeline\\{closure}()
#36 /home/mohammed-ouais/project-Huma-volve-Laravel/grocery-training-project-round-2/vendor/laravel/framework/src/Illuminate/Pipeline/Pipeline.php(183): Illuminate\\Http\\Middleware\\HandleCors->handle()
#37 /home/mohammed-ouais/project-Huma-volve-Laravel/grocery-training-project-round-2/vendor/laravel/framework/src/Illuminate/Http/Middleware/TrustProxies.php(39): Illuminate\\Pipeline\\Pipeline->Illuminate\\Pipeline\\{closure}()
#38 /home/mohammed-ouais/project-Huma-volve-Laravel/grocery-training-project-round-2/vendor/laravel/framework/src/Illuminate/Pipeline/Pipeline.php(183): Illuminate\\Http\\Middleware\\TrustProxies->handle()
#39 /home/mohammed-ouais/project-Huma-volve-Laravel/grocery-training-project-round-2/vendor/laravel/framework/src/Illuminate/Pipeline/Pipeline.php(119): Illuminate\\Pipeline\\Pipeline->Illuminate\\Pipeline\\{closure}()
#40 /home/mohammed-ouais/project-Huma-volve-Laravel/grocery-training-project-round-2/vendor/laravel/framework/src/Illuminate/Foundation/Http/Kernel.php(175): Illuminate\\Pipeline\\Pipeline->then()
#41 /home/mohammed-ouais/project-Huma-volve-Laravel/grocery-training-project-round-2/vendor/laravel/framework/src/Illuminate/Foundation/Http/Kernel.php(144): Illuminate\\Foundation\\Http\\Kernel->sendRequestThroughRouter()
#42 /home/mohammed-ouais/project-Huma-volve-Laravel/grocery-training-project-round-2/public/index.php(51): Illuminate\\Foundation\\Http\\Kernel->handle()
#43 /home/mohammed-ouais/project-Huma-volve-Laravel/grocery-training-project-round-2/vendor/laravel/framework/src/Illuminate/Foundation/resources/server.php(16): require_once('...')
#44 {main}
"} 
[2026-08-07 08:09:10] local.ERROR: Route [login] not defined. {"exception":"[object] (Symfony\\Component\\Routing\\Exception\\RouteNotFoundException(code: 0): Route [login] not defined. at /home/mohammed-ouais/project-Huma-volve-Laravel/grocery-training-project-round-2/vendor/laravel/framework/src/Illuminate/Routing/UrlGenerator.php:477)
[stacktrace]
#0 /home/mohammed-ouais/project-Huma-volve-Laravel/grocery-training-project-round-2/vendor/laravel/framework/src/Illuminate/Foundation/helpers.php(811): Illuminate\\Routing\\UrlGenerator->route()
#1 /home/mohammed-ouais/project-Huma-volve-Laravel/grocery-training-project-round-2/vendor/laravel/framework/src/Illuminate/Foundation/Exceptions/Handler.php(570): route()
#2 /home/mohammed-ouais/project-Huma-volve-Laravel/grocery-training-project-round-2/vendor/laravel/framework/src/Illuminate/Foundation/Exceptions/Handler.php(471): Illuminate\\Foundation\\Exceptions\\Handler->unauthenticated()
#3 /home/mohammed-ouais/project-Huma-volve-Laravel/grocery-training-project-round-2/vendor/laravel/framework/src/Illuminate/Routing/Pipeline.php(51): Illuminate\\Foundation\\Exceptions\\Handler->render()
#4 /home/mohammed-ouais/project-Huma-volve-Laravel/grocery-training-project-round-2/vendor/laravel/framework/src/Illuminate/Pipeline/Pipeline.php(188): Illuminate\\Routing\\Pipeline->handleException()
#5 /home/mohammed-ouais/project-Huma-volve-Laravel/grocery-training-project-round-2/vendor/laravel/framework/src/Illuminate/Auth/Middleware/Authenticate.php(57): Illuminate\\Pipeline\\Pipeline->Illuminate\\Pipeline\\{closure}()
#6 /home/mohammed-ouais/project-Huma-volve-Laravel/grocery-training-project-round-2/vendor/laravel/framework/src/Illuminate/Pipeline/Pipeline.php(183): Illuminate\\Auth\\Middleware\\Authenticate->handle()
#7 /home/mohammed-ouais/project-Huma-volve-Laravel/grocery-training-project-round-2/vendor/laravel/framework/src/Illuminate/View/Middleware/ShareErrorsFromSession.php(49): Illuminate\\Pipeline\\Pipeline->Illuminate\\Pipeline\\{closure}()
#8 /home/mohammed-ouais/project-Huma-volve-Laravel/grocery-training-project-round-2/vendor/laravel/framework/src/Illuminate/Pipeline/Pipeline.php(183): Illuminate\\View\\Middleware\\ShareErrorsFromSession->handle()
#9 /home/mohammed-ouais/project-Huma-volve-Laravel/grocery-training-project-round-2/vendor/laravel/framework/src/Illuminate/Session/Middleware/StartSession.php(121): Illuminate\\Pipeline\\Pipeline->Illuminate\\Pipeline\\{closure}()
#10 /home/mohammed-ouais/project-Huma-volve-Laravel/grocery-training-project-round-2/vendor/laravel/framework/src/Illuminate/Session/Middleware/StartSession.php(64): Illuminate\\Session\\Middleware\\StartSession->handleStatefulRequest()
#11 /home/mohammed-ouais/project-Huma-volve-Laravel/grocery-training-project-round-2/vendor/laravel/framework/src/Illuminate/Pipeline/Pipeline.php(183): Illuminate\\Session\\Middleware\\StartSession->handle()
#12 /home/mohammed-ouais/project-Huma-volve-Laravel/grocery-training-project-round-2/vendor/laravel/framework/src/Illuminate/Cookie/Middleware/AddQueuedCookiesToResponse.php(37): Illuminate\\Pipeline\\Pipeline->Illuminate\\Pipeline\\{closure}()
#13 /home/mohammed-ouais/project-Huma-volve-Laravel/grocery-training-project-round-2/vendor/laravel/framework/src/Illuminate/Pipeline/Pipeline.php(183): Illuminate\\Cookie\\Middleware\\AddQueuedCookiesToResponse->handle()
#14 /home/mohammed-ouais/project-Huma-volve-Laravel/grocery-training-project-round-2/vendor/laravel/framework/src/Illuminate/Cookie/Middleware/EncryptCookies.php(67): Illuminate\\Pipeline\\Pipeline->Illuminate\\Pipeline\\{closure}()
#15 /home/mohammed-ouais/project-Huma-volve-Laravel/grocery-training-project-round-2/vendor/laravel/framework/src/Illuminate/Pipeline/Pipeline.php(183): Illuminate\\Cookie\\Middleware\\EncryptCookies->handle()
#16 /home/mohammed-ouais/project-Huma-volve-Laravel/grocery-training-project-round-2/vendor/filament/filament/src/Http/Middleware/SetUpPanel.php(19): Illuminate\\Pipeline\\Pipeline->Illuminate\\Pipeline\\{closure}()
#17 /home/mohammed-ouais/project-Huma-volve-Laravel/grocery-training-project-round-2/vendor/laravel/framework/src/Illuminate/Pipeline/Pipeline.php(183): Filament\\Http\\Middleware\\SetUpPanel->handle()
#18 /home/mohammed-ouais/project-Huma-volve-Laravel/grocery-training-project-round-2/vendor/laravel/framework/src/Illuminate/Pipeline/Pipeline.php(119): Illuminate\\Pipeline\\Pipeline->Illuminate\\Pipeline\\{closure}()
#19 /home/mohammed-ouais/project-Huma-volve-Laravel/grocery-training-project-round-2/vendor/laravel/framework/src/Illuminate/Routing/Router.php(805): Illuminate\\Pipeline\\Pipeline->then()
#20 /home/mohammed-ouais/project-Huma-volve-Laravel/grocery-training-project-round-2/vendor/laravel/framework/src/Illuminate/Routing/Router.php(784): Illuminate\\Routing\\Router->runRouteWithinStack()
#21 /home/mohammed-ouais/project-Huma-volve-Laravel/grocery-training-project-round-2/vendor/laravel/framework/src/Illuminate/Routing/Router.php(748): Illuminate\\Routing\\Router->runRoute()
#22 /home/mohammed-ouais/project-Huma-volve-Laravel/grocery-training-project-round-2/vendor/laravel/framework/src/Illuminate/Routing/Router.php(737): Illuminate\\Routing\\Router->dispatchToRoute()
#23 /home/mohammed-ouais/project-Huma-volve-Laravel/grocery-training-project-round-2/vendor/laravel/framework/src/Illuminate/Foundation/Http/Kernel.php(200): Illuminate\\Routing\\Router->dispatch()
#24 /home/mohammed-ouais/project-Huma-volve-Laravel/grocery-training-project-round-2/vendor/laravel/framework/src/Illuminate/Pipeline/Pipeline.php(144): Illuminate\\Foundation\\Http\\Kernel->Illuminate\\Foundation\\Http\\{closure}()
#25 /home/mohammed-ouais/project-Huma-volve-Laravel/grocery-training-project-round-2/vendor/livewire/livewire/src/Features/SupportDisablingBackButtonCache/DisableBackButtonCacheMiddleware.php(19): Illuminate\\Pipeline\\Pipeline->Illuminate\\Pipeline\\{closure}()
#26 /home/mohammed-ouais/project-Huma-volve-Laravel/grocery-training-project-round-2/vendor/laravel/framework/src/Illuminate/Pipeline/Pipeline.php(183): Livewire\\Features\\SupportDisablingBackButtonCache\\DisableBackButtonCacheMiddleware->handle()
#27 /home/mohammed-ouais/project-Huma-volve-Laravel/grocery-training-project-round-2/vendor/laravel/framework/src/Illuminate/Foundation/Http/Middleware/TransformsRequest.php(21): Illuminate\\Pipeline\\Pipeline->Illuminate\\Pipeline\\{closure}()
#28 /home/mohammed-ouais/project-Huma-volve-Laravel/grocery-training-project-round-2/vendor/laravel/framework/src/Illuminate/Foundation/Http/Middleware/ConvertEmptyStringsToNull.php(31): Illuminate\\Foundation\\Http\\Middleware\\TransformsRequest->handle()
#29 /home/mohammed-ouais/project-Huma-volve-Laravel/grocery-training-project-round-2/vendor/laravel/framework/src/Illuminate/Pipeline/Pipeline.php(183): Illuminate\\Foundation\\Http\\Middleware\\ConvertEmptyStringsToNull->handle()
#30 /home/mohammed-ouais/project-Huma-volve-Laravel/grocery-training-project-round-2/vendor/laravel/framework/src/Illuminate/Foundation/Http/Middleware/TransformsRequest.php(21): Illuminate\\Pipeline\\Pipeline->Illuminate\\Pipeline\\{closure}()
#31 /home/mohammed-ouais/project-Huma-volve-Laravel/grocery-training-project-round-2/vendor/laravel/framework/src/Illuminate/Foundation/Http/Middleware/TrimStrings.php(40): Illuminate\\Foundation\\Http\\Middleware\\TransformsRequest->handle()
#32 /home/mohammed-ouais/project-Huma-volve-Laravel/grocery-training-project-round-2/vendor/laravel/framework/src/Illuminate/Pipeline/Pipeline.php(183): Illuminate\\Foundation\\Http\\Middleware\\TrimStrings->handle()
#33 /home/mohammed-ouais/project-Huma-volve-Laravel/grocery-training-project-round-2/vendor/laravel/framework/src/Illuminate/Foundation/Http/Middleware/ValidatePostSize.php(27): Illuminate\\Pipeline\\Pipeline->Illuminate\\Pipeline\\{closure}()
#34 /home/mohammed-ouais/project-Huma-volve-Laravel/grocery-training-project-round-2/vendor/laravel/framework/src/Illuminate/Pipeline/Pipeline.php(183): Illuminate\\Foundation\\Http\\Middleware\\ValidatePostSize->handle()
#35 /home/mohammed-ouais/project-Huma-volve-Laravel/grocery-training-project-round-2/vendor/laravel/framework/src/Illuminate/Foundation/Http/Middleware/PreventRequestsDuringMaintenance.php(99): Illuminate\\Pipeline\\Pipeline->Illuminate\\Pipeline\\{closure}()
#36 /home/mohammed-ouais/project-Huma-volve-Laravel/grocery-training-project-round-2/vendor/laravel/framework/src/Illuminate/Pipeline/Pipeline.php(183): Illuminate\\Foundation\\Http\\Middleware\\PreventRequestsDuringMaintenance->handle()
#37 /home/mohammed-ouais/project-Huma-volve-Laravel/grocery-training-project-round-2/vendor/laravel/framework/src/Illuminate/Http/Middleware/HandleCors.php(49): Illuminate\\Pipeline\\Pipeline->Illuminate\\Pipeline\\{closure}()
#38 /home/mohammed-ouais/project-Huma-volve-Laravel/grocery-training-project-round-2/vendor/laravel/framework/src/Illuminate/Pipeline/Pipeline.php(183): Illuminate\\Http\\Middleware\\HandleCors->handle()
#39 /home/mohammed-ouais/project-Huma-volve-Laravel/grocery-training-project-round-2/vendor/laravel/framework/src/Illuminate/Http/Middleware/TrustProxies.php(39): Illuminate\\Pipeline\\Pipeline->Illuminate\\Pipeline\\{closure}()
#40 /home/mohammed-ouais/project-Huma-volve-Laravel/grocery-training-project-round-2/vendor/laravel/framework/src/Illuminate/Pipeline/Pipeline.php(183): Illuminate\\Http\\Middleware\\TrustProxies->handle()
#41 /home/mohammed-ouais/project-Huma-volve-Laravel/grocery-training-project-round-2/vendor/laravel/framework/src/Illuminate/Pipeline/Pipeline.php(119): Illuminate\\Pipeline\\Pipeline->Illuminate\\Pipeline\\{closure}()
#42 /home/mohammed-ouais/project-Huma-volve-Laravel/grocery-training-project-round-2/vendor/laravel/framework/src/Illuminate/Foundation/Http/Kernel.php(175): Illuminate\\Pipeline\\Pipeline->then()
#43 /home/mohammed-ouais/project-Huma-volve-Laravel/grocery-training-project-round-2/vendor/laravel/framework/src/Illuminate/Foundation/Http/Kernel.php(144): Illuminate\\Foundation\\Http\\Kernel->sendRequestThroughRouter()
#44 /home/mohammed-ouais/project-Huma-volve-Laravel/grocery-training-project-round-2/public/index.php(51): Illuminate\\Foundation\\Http\\Kernel->handle()
#45 /home/mohammed-ouais/project-Huma-volve-Laravel/grocery-training-project-round-2/vendor/laravel/framework/src/Illuminate/Foundation/resources/server.php(16): require_once('...')
#46 {main}
"} 
